time-tag,ssn,ne_500,Te_500,ne_1000,Te_1000,ne_1500,Te1500,ne_2000,Te_2000,TEC
1958-01,286.7,0.30149E+12,2842.3,0.37908E+11,3370.9,0.13479E+11,3585.6,0.72600E+10,3878.6,25.8
1958-02,233.6,0.30940E+12,2836.0,0.36164E+11,3239.7,0.12548E+11,3652.6,0.66976E+10,3932.3,23.7
1958-03,270.0,0.38933E+12,2715.1,0.40397E+11,2983.9,0.13670E+11,3717.3,0.72609E+10,4008.8,27.5
1958-04,277.6,0.50806E+12,2338.2,0.48333E+11,2767.5,0.16000E+11,3667.3,0.84483E+10,3952.5,34.1
1958-05,248.2,0.55618E+12,2017.0,0.51670E+11,2865.6,0.16896E+11,3526.0,0.88739E+10,3815.8,37.0
1958-06,242.9,0.42532E+12,1888.2,0.40807E+11,2947.8,0.13353E+11,3442.7,0.69959E+10,3749.5,29.2
1958-07,271.0,0.37795E+12,1884.6,0.37720E+11,2964.9,0.12537E+11,3435.4,0.66081E+10,3751.8,27.4
1958-08,283.5,0.34595E+12,2004.1,0.36945E+11,2909.5,0.12572E+11,3500.4,0.66837E+10,3810.3,26.6
1958-09,285.1,0.37258E+12,2207.3,0.42705E+11,2788.5,0.14947E+11,3618.2,0.80384E+10,3900.5,30.4
1958-10,256.9,0.39797E+12,2390.0,0.48178E+11,2788.6,0.17306E+11,3683.8,0.94205E+10,3945.5,34.3
1958-11,215.6,0.37572E+12,2580.9,0.47120E+11,3130.6,0.17147E+11,3599.5,0.93845E+10,3896.9,33.9
1958-12,265.7,0.32949E+12,2753.1,0.40531E+11,3340.0,0.14699E+11,3564.0,0.80404E+10,3880.4,31.0
1959-01,307.7,0.28694E+12,2842.1,0.35247E+11,3370.9,0.12648E+11,3584.8,0.68700E+10,3877.9,25.5
1959-02,202.6,0.28583E+12,2836.3,0.33043E+11,3239.8,0.11631E+11,3652.5,0.62742E+10,3932.2,23.3
1959-03,263.0,0.35156E+12,2716.5,0.36754E+11,2984.4,0.12699E+11,3717.8,0.68296E+10,4009.1,27.0
1959-04,231.3,0.45195E+12,2340.0,0.43853E+11,2768.1,0.14895E+11,3667.7,0.79759E+10,3953.0,33.5
1959-05,243.6,0.47193E+12,2018.2,0.44723E+11,2879.5,0.15019E+11,3536.4,0.80020E+10,3819.1,34.7
1959-06,238.9,0.40788E+12,1888.3,0.39611E+11,2963.3,0.13282E+11,3458.6,0.70556E+10,3748.9,30.6
1959-07,211.9,0.33779E+12,1884.7,0.34032E+11,2964.9,0.11576E+11,3435.3,0.61848E+10,3751.4,26.7
1959-08,282.6,0.30671E+12,2004.3,0.32790E+11,2909.5,0.11415E+11,3500.4,0.61572E+10,3810.1,25.9
1959-09,205.6,0.32774E+12,2207.9,0.37182E+11,2788.7,0.13304E+11,3618.2,0.72666E+10,3900.5,29.5
1959-10,157.7,0.34545E+12,2390.7,0.41033E+11,2788.8,0.15062E+11,3683.9,0.83332E+10,3945.7,33.1
1959-11,175.6,0.32340E+12,2581.0,0.39509E+11,3130.6,0.14691E+11,3599.5,0.81786E+10,3896.9,32.3
1959-12,177.1,0.28129E+12,2752.7,0.33684E+11,3340.0,0.12504E+11,3564.0,0.69650E+10,3880.4,29.0
1960-01,207.2,0.24021E+12,2841.9,0.28325E+11,3370.8,0.10415E+11,3584.6,0.57728E+10,3877.8,23.8
1960-02,149.9,0.23235E+12,2814.6,0.26694E+11,3366.4,0.97295E+10,3777.3,0.53736E+10,4102.9,22.0
1960-03,144.6,0.27874E+12,2712.4,0.30156E+11,3000.3,0.10888E+11,3737.4,0.60068E+10,4036.3,25.8
1960-04,172.7,0.34892E+12,2326.9,0.35798E+11,2771.3,0.12766E+11,3662.0,0.70164E+10,3947.7,31.5
1960-05,169.3,0.38537E+12,2011.4,0.38579E+11,2869.3,0.13603E+11,3522.3,0.74372E+10,3812.5,34.1
1960-06,156.0,0.32769E+12,1886.6,0.33169E+11,2951.8,0.11646E+11,3443.6,0.63453E+10,3748.2,29.2
1960-07,172.4,0.27043E+12,1886.4,0.28141E+11,3004.7,0.99725E+10,3479.1,0.54531E+10,3749.1,25.1
1960-08,190.0,0.25370E+12,2002.3,0.27616E+11,3329.6,0.99698E+10,3825.3,0.54968E+10,3875.4,24.9
1960-09,180.1,0.27313E+12,2229.9,0.31072E+11,3346.6,0.11484E+11,3894.4,0.64061E+10,4131.8,28.5
1960-10,117.3,0.29443E+12,2392.8,0.34729E+11,3319.3,0.13121E+11,3883.8,0.74043E+10,4254.1,32.4
1960-11,126.9,0.30166E+12,2537.5,0.36357E+11,3471.1,0.13893E+11,3881.7,0.78853E+10,4295.5,34.2
1960-12,121.2,0.25216E+12,2688.8,0.29840E+11,3568.5,0.11384E+11,3912.2,0.64639E+10,4353.3,29.0
1961-01,82.1,0.20963E+12,2793.6,0.24210E+11,3607.6,0.91442E+10,3969.3,0.51678E+10,5295.8,23.4
1961-02,65.4,0.18778E+12,2800.0,0.21927E+11,3463.8,0.82850E+10,3867.2,0.46793E+10,4226.6,20.8
1961-03,75.2,0.21606E+12,2706.8,0.24689E+11,3205.0,0.93189E+10,3828.9,0.52684E+10,4172.0,24.2
1961-04,86.9,0.26421E+12,2332.8,0.29393E+11,3058.6,0.11043E+11,3776.2,0.62369E+10,4065.7,29.7
1961-05,72.3,0.27130E+12,1985.6,0.29654E+11,3101.7,0.11064E+11,3671.7,0.62293E+10,3842.2,30.3
1961-06,109.5,0.23605E+12,1882.1,0.25824E+11,3016.8,0.95937E+10,3513.0,0.53861E+10,3747.9,26.3
1961-07,99.3,0.20678E+12,1853.4,0.22904E+11,3082.9,0.85327E+10,3555.3,0.47946E+10,3725.7,23.4
1961-08,79.2,0.19931E+12,1991.7,0.22567E+11,3021.3,0.84820E+10,3588.1,0.47856E+10,3823.5,23.1
1961-09,90.1,0.22295E+12,2196.2,0.25867E+11,3039.2,0.98738E+10,3727.2,0.56166E+10,3981.3,27.0
1961-10,53.7,0.24682E+12,2388.7,0.29343E+11,2974.4,0.11385E+11,3758.8,0.65330E+10,4057.9,31.0
1961-11,46.5,0.23483E+12,2578.5,0.28333E+11,3186.7,0.11073E+11,3655.8,0.63768E+10,3974.1,29.8
1961-12,56.9,0.20874E+12,2724.5,0.24740E+11,3411.0,0.96326E+10,3675.9,0.55410E+10,4029.0,26.0
1962-01,55.1,0.17963E+12,2831.3,0.20664E+11,3417.4,0.79609E+10,3664.7,0.45580E+10,3980.9,21.9
1962-02,71.7,0.16169E+12,2812.0,0.19303E+11,3377.3,0.74813E+10,3787.2,0.42888E+10,4117.0,20.1
1962-03,64.9,0.18545E+12,2705.5,0.22085E+11,3261.7,0.85658E+10,3854.3,0.49136E+10,4211.5,23.5
1962-04,65.9,0.22952E+12,2345.1,0.26752E+11,2877.4,0.10317E+11,3721.9,0.59052E+10,4010.8,29.0
1962-05,61.9,0.24018E+12,2017.0,0.27360E+11,2945.5,0.10448E+11,3586.9,0.59528E+10,3835.5,29.6
1962-06,59.6,0.21349E+12,1882.8,0.24087E+11,3015.3,0.91200E+10,3511.5,0.51713E+10,3748.1,25.7
1962-07,31.4,0.19132E+12,1884.6,0.21676E+11,2994.3,0.81990E+10,3466.6,0.46447E+10,3749.6,23.1
1962-08,31.5,0.18888E+12,2004.2,0.21741E+11,2909.6,0.82832E+10,3500.5,0.47088E+10,3810.7,23.3
1962-09,72.7,0.21068E+12,2208.6,0.24729E+11,2801.9,0.95663E+10,3625.8,0.54840E+10,3906.8,27.1
1962-10,56.1,0.22974E+12,2393.6,0.27517E+11,2832.6,0.10816E+11,3706.3,0.62550E+10,3978.9,30.9
1962-11,38.8,0.21933E+12,2580.3,0.26573E+11,3149.2,0.10514E+11,3618.2,0.61011E+10,3922.8,29.6
1962-12,33.2,0.21149E+12,2752.4,0.25165E+11,3345.2,0.99126E+10,3572.5,0.57427E+10,3891.7,27.6
1963-01,28.7,0.17157E+12,2842.0,0.19754E+11,3372.2,0.76873E+10,3587.2,0.44292E+10,3880.8,21.9
1963-02,35.2,0.17668E+12,2836.1,0.21329E+11,3263.7,0.83538E+10,3679.9,0.48175E+10,3968.5,23.0
1963-03,24.8,0.17685E+12,2716.7,0.21400E+11,2984.7,0.83823E+10,3718.1,0.48333E+10,4009.3,23.4
1963-04,41.7,0.21854E+12,2340.1,0.25955E+11,2768.2,0.10111E+11,3667.7,0.58176E+10,3953.2,28.8
1963-05,61.1,0.23223E+12,2017.7,0.26988E+11,2872.0,0.10417E+11,3530.7,0.59677E+10,3817.7,30.0
1963-06,51.2,0.20401E+12,1888.1,0.23428E+11,2954.7,0.89625E+10,3450.0,0.51092E+10,3750.0,25.7
1963-07,28.7,0.18363E+12,1884.4,0.21090E+11,2964.9,0.80468E+10,3435.4,0.45794E+10,3752.2,23.0
1963-08,47.5,0.18833E+12,2004.0,0.21868E+11,2909.5,0.83879E+10,3500.5,0.47859E+10,3810.9,23.9
1963-09,55.2,0.20744E+12,2207.8,0.24462E+11,2788.8,0.95092E+10,3618.3,0.54665E+10,3901.0,27.4
1963-10,50.1,0.22443E+12,2390.9,0.26942E+11,2788.8,0.10628E+11,3683.9,0.61589E+10,3945.9,30.7
1963-11,33.7,0.21698E+12,2579.3,0.26326E+11,3159.7,0.10453E+11,3628.8,0.60787E+10,3937.3,29.8
1963-12,21.6,0.20437E+12,2751.8,0.24366E+11,3344.8,0.96417E+10,3572.4,0.56010E+10,3891.6,27.2
1964-01,22.6,0.16708E+12,2841.8,0.19260E+11,3370.9,0.75368E+10,3585.8,0.43572E+10,3879.0,21.8
1964-02,25.3,0.16436E+12,2836.5,0.20039E+11,3240.1,0.79162E+10,3653.1,0.45870E+10,3932.5,22.3
1964-03,24.1,0.16752E+12,2710.4,0.20682E+11,2973.5,0.81976E+10,3720.3,0.47561E+10,4011.6,23.4
1964-04,12.9,0.20246E+12,2326.7,0.24758E+11,2771.4,0.97925E+10,3662.0,0.56776E+10,3947.9,28.6
1964-05,14.3,0.21656E+12,2010.9,0.26037E+11,2869.2,0.10229E+11,3522.3,0.59118E+10,3813.3,30.2
1964-06,13.5,0.18568E+12,1886.1,0.22025E+11,2949.5,0.85786E+10,3441.3,0.49356E+10,3749.2,25.3
1964-07,4.8,0.16922E+12,1886.0,0.19960E+11,2964.2,0.77391E+10,3436.4,0.44414E+10,3753.5,22.7
1964-08,13.8,0.16877E+12,2009.6,0.19979E+11,2906.6,0.77703E+10,3503.8,0.44670E+10,3813.8,22.8
1964-09,7.0,0.19294E+12,2214.8,0.23053E+11,2784.1,0.90731E+10,3622.8,0.52522E+10,3904.3,27.0
1964-10,9.2,0.21652E+12,2396.7,0.26216E+11,2800.7,0.10456E+11,3680.8,0.60980E+10,3943.9,31.4
1964-11,11.1,0.20794E+12,2587.0,0.25355E+11,3139.9,0.10161E+11,3597.9,0.59410E+10,3896.8,29.9
1964-12,22.1,0.18797E+12,2756.5,0.22497E+11,3343.8,0.89672E+10,3563.8,0.52315E+10,3880.5,25.8
1965-01,25.4,0.16464E+12,2842.5,0.19009E+11,3375.5,0.74790E+10,3593.5,0.43380E+10,3888.1,22.1
1965-02,20.8,0.14525E+12,2836.2,0.17822E+11,3240.0,0.70775E+10,3653.0,0.41131E+10,3932.6,20.2
1965-03,17.5,0.16554E+12,2714.6,0.20573E+11,2983.8,0.81863E+10,3717.4,0.47594E+10,4008.8,23.6
1965-04,10.2,0.20421E+12,2337.3,0.25007E+11,2767.3,0.99013E+10,3667.2,0.57439E+10,3952.3,29.0
1965-05,34.5,0.21346E+12,2016.6,0.25533E+11,2865.5,0.10009E+11,3526.2,0.57784E+10,3816.4,29.5
1965-06,23.3,0.19243E+12,1888.0,0.22639E+11,2947.9,0.87814E+10,3442.9,0.50419E+10,3750.4,25.7
1965-07,17.3,0.17494E+12,1884.5,0.20471E+11,2965.1,0.79024E+10,3435.5,0.45250E+10,3752.8,23.0
1965-08,13.3,0.17515E+12,2004.3,0.20591E+11,2909.7,0.79727E+10,3500.5,0.45725E+10,3811.2,23.2
1965-09,24.5,0.19909E+12,2207.6,0.23650E+11,2788.7,0.92636E+10,3618.3,0.53483E+10,3901.0,27.3
1965-10,29.1,0.22252E+12,2393.2,0.26807E+11,2825.5,0.10633E+11,3702.6,0.61816E+10,3973.5,31.3
1965-11,22.8,0.21922E+12,2582.0,0.26619E+11,3130.7,0.10598E+11,3599.7,0.61731E+10,3897.6,30.5
1965-12,24.7,0.20132E+12,2754.4,0.23986E+11,3340.1,0.94903E+10,3564.3,0.55129E+10,3880.8,26.8
1966-01,40.3,0.17593E+12,2842.0,0.20255E+11,3376.8,0.79012E+10,3595.3,0.45594E+10,3890.8,22.7
1966-02,35.3,0.16005E+12,2836.4,0.19310E+11,3249.5,0.75658E+10,3663.8,0.43642E+10,3946.9,20.9
1966-03,36.4,0.18728E+12,2718.5,0.22542E+11,3019.2,0.88090E+10,3740.9,0.50737E+10,4042.0,24.5
1966-04,69.0,0.23624E+12,2340.0,0.27679E+11,2949.1,0.10720E+11,3742.4,0.61505E+10,4032.5,30.3
1966-05,64.2,0.25122E+12,2015.0,0.28587E+11,2951.6,0.10928E+11,3590.7,0.62303E+10,3837.0,31.1
1966-06,67.7,0.20676E+12,1864.2,0.23138E+11,3052.6,0.87306E+10,3545.9,0.49426E+10,3741.4,24.6
1966-07,80.2,0.21114E+12,1861.2,0.23560E+11,3064.8,0.88369E+10,3538.4,0.49845E+10,3737.3,24.5
1966-08,72.6,0.21314E+12,1969.7,0.24079E+11,3129.8,0.90499E+10,3658.2,0.51066E+10,3809.3,24.7
1966-09,71.1,0.24594E+12,2194.5,0.28364E+11,3086.8,0.10779E+11,3745.2,0.61166E+10,3995.0,29.1
1966-10,81.2,0.27831E+12,2385.2,0.32904E+11,3053.0,0.12673E+11,3782.4,0.72402E+10,4095.0,33.6
1966-11,81.0,0.30297E+12,2552.6,0.36429E+11,3277.4,0.14104E+11,3720.8,0.80757E+10,4066.8,36.6
1966-12,99.8,0.26564E+12,2706.3,0.31372E+11,3442.8,0.12074E+11,3724.7,0.68958E+10,4097.8,31.6
1967-01,157.0,0.21588E+12,2781.1,0.24858E+11,3557.2,0.94367E+10,3886.4,0.53519E+10,4280.6,24.6
1967-02,132.6,0.20511E+12,2822.0,0.23912E+11,3590.1,0.90427E+10,4015.6,0.51108E+10,5298.5,22.7
1967-03,158.3,0.24619E+12,2797.2,0.27774E+11,3553.1,0.10414E+11,4133.0,0.58681E+10,5404.8,26.7
1967-04,98.4,0.31591E+12,2375.5,0.34065E+11,3386.0,0.12606E+11,3946.3,0.70678E+10,4251.5,33.2
1967-05,122.5,0.33678E+12,1991.7,0.35215E+11,3267.8,0.12843E+11,3786.6,0.71496E+10,3882.9,34.2
1967-06,95.4,0.28536E+12,1863.9,0.29709E+11,3306.2,0.10709E+11,3788.1,0.59194E+10,3749.8,28.1
1967-07,129.5,0.26956E+12,1832.4,0.28461E+11,3227.0,0.10258E+11,3698.3,0.56634E+10,3692.2,26.6
1967-08,151.8,0.26134E+12,2019.9,0.28555E+11,3361.7,0.10397E+11,3859.4,0.57625E+10,3908.0,26.5
1967-09,108.7,0.28947E+12,2233.7,0.32880E+11,3367.3,0.12198E+11,3913.9,0.68226E+10,4146.1,30.6
1967-10,125.0,0.31886E+12,2395.5,0.37512E+11,3347.9,0.14188E+11,3905.5,0.80136E+10,4282.2,35.2
1967-11,133.6,0.30381E+12,2536.3,0.36553E+11,3482.0,0.13935E+11,3898.2,0.78981E+10,4317.1,34.1
1967-12,179.0,0.27706E+12,2697.1,0.32761E+11,3592.2,0.12415E+11,3954.4,0.70190E+10,4411.6,31.0
1968-01,172.5,0.27255E+12,2856.7,0.31614E+11,3655.4,0.11817E+11,4057.9,0.66309E+10,5296.0,28.9
1968-02,158.5,0.23251E+12,3030.0,0.26798E+11,3636.5,0.99449E+10,4231.9,0.55568E+10,5330.8,23.7
1968-03,130.5,0.29080E+12,2757.4,0.31948E+11,3536.7,0.11741E+11,4074.3,0.65440E+10,5409.5,28.9
1968-04,115.0,0.36246E+12,2344.4,0.37746E+11,3341.9,0.13670E+11,3903.3,0.75790E+10,4197.4,34.8
1968-05,180.0,0.38135E+12,1993.9,0.38552E+11,3298.8,0.13763E+11,3811.9,0.75783E+10,3894.6,35.4
1968-06,156.2,0.33605E+12,1852.4,0.34194E+11,3288.8,0.12117E+11,3769.5,0.66375E+10,3732.3,30.9
1968-07,136.2,0.28963E+12,1836.5,0.30177E+11,3240.5,0.10752E+11,3712.3,0.58993E+10,3695.9,27.3
1968-08,154.8,0.27545E+12,1979.9,0.29897E+11,3265.8,0.10802E+11,3765.9,0.59599E+10,3834.6,27.0
1968-09,166.0,0.31007E+12,2211.6,0.35110E+11,3275.0,0.12933E+11,3839.6,0.72017E+10,4078.5,31.7
1968-10,152.5,0.33481E+12,2401.4,0.39371E+11,3360.4,0.14772E+11,3910.7,0.83004E+10,4290.3,35.5
1968-11,121.7,0.41965E+12,2553.6,0.50593E+11,3520.9,0.19138E+11,3944.5,0.10790E+11,4380.2,45.1
1968-12,155.5,0.29163E+12,2694.7,0.34540E+11,3582.2,0.13009E+11,3934.9,0.73243E+10,4384.5,31.8
1969-01,147.8,0.25393E+12,2790.5,0.29542E+11,3599.4,0.10994E+11,3955.4,0.61496E+10,5296.1,26.5
1969-02,170.5,0.24466E+12,2809.9,0.28124E+11,3562.6,0.10386E+11,3977.2,0.57857E+10,5298.6,24.4
1969-03,192.3,0.30161E+12,2766.5,0.32947E+11,3544.1,0.12060E+11,4085.4,0.67071E+10,5405.0,29.4
1969-04,151.1,0.36996E+12,2444.7,0.38423E+11,3432.1,0.13907E+11,4068.0,0.77086E+10,4382.6,35.4
1969-05,169.9,0.39642E+12,1996.8,0.40093E+11,3288.4,0.14334E+11,3804.2,0.79001E+10,3894.4,37.0
1969-06,150.1,0.33992E+12,1836.4,0.34592E+11,3225.1,0.12272E+11,3706.8,0.67272E+10,3708.0,31.4
1969-07,137.1,0.29457E+12,1857.2,0.30665E+11,3303.6,0.10927E+11,3776.1,0.59964E+10,3724.4,27.8
1969-08,138.8,0.28149E+12,2009.6,0.30513E+11,3348.8,0.11017E+11,3844.3,0.60763E+10,3889.9,27.5
1969-09,129.3,0.30989E+12,2220.8,0.35068E+11,3340.7,0.12922E+11,3886.8,0.71972E+10,4117.5,31.8
1969-10,135.4,0.33498E+12,2396.7,0.39363E+11,3353.6,0.14808E+11,3909.5,0.83349E+10,4287.4,36.0
1969-11,132.4,0.32179E+12,2543.5,0.38730E+11,3503.0,0.14703E+11,3924.2,0.83096E+10,4352.1,35.3
1969-12,138.6,0.30107E+12,2689.4,0.35603E+11,3570.8,0.13454E+11,3917.9,0.75920E+10,4360.6,33.3
1970-01,157.9,0.25251E+12,2809.5,0.29308E+11,3628.2,0.10937E+11,4005.1,0.61298E+10,5296.2,26.6
1970-02,180.8,0.24268E+12,2823.0,0.27922E+11,3591.2,0.10342E+11,4017.2,0.57719E+10,5298.7,24.5
1970-03,145.7,0.29451E+12,2793.8,0.32249E+11,3552.7,0.11833E+11,4128.8,0.65900E+10,5405.0,29.1
1970-04,155.1,0.35729E+12,2401.6,0.37145E+11,3419.5,0.13458E+11,3997.6,0.74646E+10,4306.6,34.4
1970-05,180.5,0.40286E+12,2038.4,0.40748E+11,3360.7,0.14575E+11,3879.7,0.80353E+10,3969.0,37.7
1970-06,151.3,0.34028E+12,1867.2,0.34645E+11,3310.9,0.12299E+11,3792.9,0.67447E+10,3753.6,31.5
1970-07,159.3,0.29372E+12,1901.6,0.30614E+11,3357.6,0.10923E+11,3832.7,0.59986E+10,3791.4,27.8
1970-08,131.7,0.27769E+12,1978.1,0.30163E+11,3282.3,0.10923E+11,3778.7,0.60355E+10,3835.4,27.5
1970-09,140.8,0.30226E+12,2222.7,0.34258E+11,3344.1,0.12683E+11,3889.9,0.70856E+10,4120.6,31.6
1970-10,122.6,0.32350E+12,2394.7,0.38014E+11,3339.8,0.14382E+11,3900.2,0.81260E+10,4275.1,35.8
1970-11,134.8,0.30718E+12,2568.0,0.36902E+11,3540.1,0.14113E+11,3984.0,0.80172E+10,4428.8,35.0
1970-12,118.2,0.27111E+12,2702.1,0.31986E+11,3597.3,0.12213E+11,3963.2,0.69395E+10,4423.3,31.2
1971-01,129.2,0.23216E+12,2788.3,0.26744E+11,3595.6,0.10112E+11,3948.9,0.57193E+10,5296.4,25.9
1971-02,111.8,0.23339E+12,2831.0,0.27162E+11,3602.1,0.10261E+11,4034.8,0.57964E+10,5298.9,25.7
1971-03,85.9,0.24951E+12,2712.5,0.28273E+11,3407.4,0.10648E+11,3933.4,0.60150E+10,4328.0,27.6
1971-04,101.6,0.30682E+12,2337.4,0.33634E+11,3067.5,0.12589E+11,3779.8,0.71010E+10,4069.8,33.9
1971-05,81.5,0.31573E+12,1999.8,0.33904E+11,3024.8,0.12583E+11,3628.8,0.70698E+10,3839.9,34.4
1971-06,70.7,0.27662E+12,1849.8,0.29701E+11,3093.1,0.10947E+11,3581.1,0.61236E+10,3721.8,29.8
1971-07,114.7,0.24277E+12,1831.3,0.26411E+11,3193.8,0.97503E+10,3665.1,0.54543E+10,3691.9,26.4
1971-08,87.0,0.23526E+12,1974.2,0.26270E+11,3104.2,0.97927E+10,3641.0,0.55015E+10,3809.6,26.3
1971-09,71.3,0.26493E+12,2206.9,0.30425E+11,2950.0,0.11530E+11,3695.5,0.65328E+10,3961.9,30.9
1971-10,73.4,0.29320E+12,2385.0,0.34606E+11,3117.7,0.13336E+11,3803.2,0.76231E+10,4129.1,35.5
1971-11,89.5,0.28044E+12,2543.9,0.33677E+11,3324.8,0.13069E+11,3755.5,0.74953E+10,4117.2,34.2
1971-12,116.5,0.25478E+12,2691.7,0.30053E+11,3486.0,0.11598E+11,3789.3,0.66362E+10,4181.3,30.6
1972-01,87.0,0.22416E+12,2792.7,0.25762E+11,3488.8,0.98069E+10,3780.0,0.55726E+10,4139.2,25.8
1972-02,125.3,0.20952E+12,2802.2,0.24486E+11,3455.5,0.93062E+10,3859.0,0.52759E+10,4215.3,23.7
1972-03,113.5,0.24721E+12,2706.8,0.28150E+11,3394.3,0.10642E+11,3928.2,0.60245E+10,4320.7,27.8
1972-04,89.6,0.31180E+12,2323.3,0.34138E+11,3074.6,0.12774E+11,3777.2,0.72048E+10,4063.3,34.4
1972-05,113.9,0.34023E+12,1985.0,0.36279E+11,3072.0,0.13416E+11,3651.2,0.75246E+10,3834.4,36.5
1972-06,124.7,0.28565E+12,1832.8,0.30461E+11,3203.3,0.11182E+11,3684.3,0.62417E+10,3702.0,30.2
1972-07,108.3,0.24897E+12,1834.2,0.26968E+11,3217.8,0.99279E+10,3689.2,0.55455E+10,3692.0,26.7
1972-08,108.9,0.23895E+12,1983.6,0.26632E+11,3278.4,0.99152E+10,3776.8,0.55665E+10,3839.2,26.6
1972-09,90.7,0.26331E+12,2208.4,0.30254E+11,3242.4,0.11479E+11,3820.4,0.65090E+10,4060.6,30.9
1972-10,86.9,0.28549E+12,2389.2,0.33727E+11,3176.8,0.13038E+11,3819.1,0.74672E+10,4157.7,35.1
1972-11,59.2,0.31613E+12,2540.7,0.37979E+11,3392.2,0.14802E+11,3804.7,0.85123E+10,4185.8,39.3
1972-12,64.3,0.24582E+12,2723.9,0.29022E+11,3422.7,0.11276E+11,3688.4,0.64799E+10,4046.6,30.4
1973-01,61.8,0.21612E+12,2818.1,0.24798E+11,3439.8,0.95364E+10,3701.2,0.54549E+10,4029.2,26.0
1973-02,60.9,0.18965E+12,2828.2,0.22506E+11,3319.6,0.87007E+10,3737.0,0.49817E+10,4044.7,23.2
1973-03,65.4,0.22472E+12,2712.4,0.26524E+11,3158.8,0.10264E+11,3809.4,0.58825E+10,4142.2,28.1
1973-04,81.8,0.26192E+12,2335.5,0.30210E+11,3057.9,0.11634E+11,3776.3,0.66586E+10,4065.7,32.8
1973-05,60.3,0.28307E+12,1995.8,0.31980E+11,3045.6,0.12211E+11,3640.4,0.69606E+10,3839.2,34.8
1973-06,56.1,0.23904E+12,1878.7,0.26835E+11,3026.5,0.10166E+11,3521.7,0.57681E+10,3746.3,28.8
1973-07,33.2,0.19989E+12,1886.4,0.22563E+11,3005.5,0.85402E+10,3477.9,0.48413E+10,3747.2,24.1
1973-08,36.6,0.21347E+12,2008.1,0.24483E+11,2948.3,0.93336E+10,3533.2,0.53094E+10,3815.1,26.3
1973-09,84.1,0.23286E+12,2203.4,0.27229E+11,2989.3,0.10542E+11,3709.1,0.60480E+10,3969.6,30.0
1973-10,43.7,0.25471E+12,2391.4,0.30404E+11,2994.2,0.11965E+11,3764.8,0.69261E+10,4067.5,34.3
1973-11,34.3,0.26055E+12,2583.2,0.31474E+11,3169.0,0.12470E+11,3637.5,0.72434E+10,3948.8,35.2
1973-12,33.3,0.22379E+12,2752.6,0.26555E+11,3364.1,0.10472E+11,3603.2,0.60726E+10,3931.0,29.4
1974-01,39.4,0.20446E+12,2844.6,0.23482E+11,3371.1,0.91398E+10,3585.4,0.52677E+10,3877.2,26.0
1974-02,37.3,0.19330E+12,2838.1,0.23211E+11,3240.2,0.90754E+10,3652.3,0.52298E+10,3931.5,24.9
1974-03,30.9,0.21527E+12,2718.4,0.25820E+11,2984.9,0.10091E+11,3717.8,0.58137E+10,4009.3,28.1
1974-04,57.5,0.25285E+12,2342.3,0.29675E+11,2768.7,0.11536E+11,3667.9,0.66335E+10,3953.2,33.0
1974-05,56.3,0.27167E+12,2021.3,0.31127E+11,2940.7,0.11977E+11,3582.8,0.68535E+10,3833.1,34.5
1974-06,51.5,0.22478E+12,1887.8,0.25460E+11,3010.8,0.96968E+10,3506.9,0.55176E+10,3746.7,27.8
1974-07,79.1,0.20889E+12,1876.8,0.23708E+11,3038.9,0.90072E+10,3512.6,0.51163E+10,3743.7,25.6
1974-08,47.9,0.20733E+12,2007.9,0.23853E+11,2935.8,0.91184E+10,3522.3,0.51949E+10,3812.8,25.9
1974-09,57.2,0.23742E+12,2213.2,0.27805E+11,2809.3,0.10787E+11,3630.1,0.61964E+10,3910.1,30.9
1974-10,67.2,0.25924E+12,2401.1,0.30967E+11,2876.7,0.12208E+11,3728.8,0.70742E+10,4012.3,35.2
1974-11,35.9,0.24687E+12,2582.4,0.29843E+11,3184.9,0.11851E+11,3653.6,0.68933E+10,3970.6,33.8
1974-12,29.6,0.22200E+12,2754.7,0.26377E+11,3351.3,0.10438E+11,3581.6,0.60648E+10,3902.7,29.5
1975-01,27.3,0.19392E+12,2844.0,0.22290E+11,3373.8,0.87194E+10,3589.6,0.50408E+10,3883.0,25.3
1975-02,16.7,0.18435E+12,2838.5,0.22357E+11,3240.2,0.88173E+10,3652.2,0.51056E+10,3931.4,24.8
1975-03,16.9,0.19470E+12,2719.9,0.23802E+11,2985.5,0.94066E+10,3718.1,0.54511E+10,4009.6,26.8
1975-04,7.7,0.23471E+12,2344.4,0.28302E+11,2769.4,0.11156E+11,3668.3,0.64602E+10,3953.8,32.6
1975-05,13.1,0.23884E+12,2021.1,0.28295E+11,2866.6,0.11074E+11,3526.1,0.63914E+10,3814.6,32.7
1975-06,16.7,0.21110E+12,1891.0,0.24712E+11,2948.5,0.95847E+10,3442.8,0.55048E+10,3746.9,28.2
1975-07,40.4,0.18650E+12,1887.2,0.21775E+11,2965.5,0.84142E+10,3435.3,0.48220E+10,3748.9,24.6
1975-08,56.7,0.19031E+12,2008.9,0.22367E+11,2944.8,0.86815E+10,3529.9,0.49869E+10,3813.3,25.5
1975-09,20.3,0.21590E+12,2215.1,0.25647E+11,2819.5,0.10083E+11,3635.9,0.58348E+10,3914.5,30.0
1975-10,13.6,0.24012E+12,2397.0,0.28926E+11,2790.3,0.11526E+11,3684.5,0.67204E+10,3947.0,34.5
1975-11,27.9,0.25338E+12,2586.4,0.30766E+11,3131.6,0.12317E+11,3599.6,0.71988E+10,3896.5,36.1
1975-12,11.6,0.23756E+12,2757.0,0.28320E+11,3340.5,0.11278E+11,3562.9,0.65772E+10,3878.1,32.4
1976-01,11.9,0.18881E+12,2844.8,0.21737E+11,3371.0,0.85466E+10,3584.5,0.49562E+10,3876.5,25.2
1976-02,6.4,0.18522E+12,2839.2,0.22646E+11,3240.3,0.89906E+10,3651.8,0.52251E+10,3930.9,25.7
1976-03,31.5,0.19570E+12,2714.5,0.24267E+11,2974.5,0.96696E+10,3720.2,0.56275E+10,4011.9,28.0
1976-04,27.3,0.22929E+12,2332.2,0.28052E+11,2772.8,0.11141E+11,3662.9,0.64758E+10,3948.6,32.9
1976-05,18.2,0.23563E+12,2015.8,0.28203E+11,2870.3,0.11099E+11,3522.9,0.64237E+10,3811.0,33.1
1976-06,17.9,0.20847E+12,1890.0,0.24584E+11,2950.3,0.95760E+10,3441.2,0.55119E+10,3744.6,28.4
1976-07,2.9,0.17976E+12,1889.8,0.21079E+11,2965.0,0.81687E+10,3436.2,0.46884E+10,3748.6,24.0
1976-08,24.1,0.19169E+12,2014.4,0.22553E+11,2907.6,0.87635E+10,3503.7,0.50372E+10,3810.2,25.8
1976-09,20.0,0.21839E+12,2221.4,0.25943E+11,2785.7,0.10203E+11,3623.3,0.59061E+10,3904.0,30.4
1976-10,29.7,0.24163E+12,2404.2,0.29125E+11,2802.5,0.11618E+11,3681.5,0.67782E+10,3945.2,34.9
1976-11,7.9,0.26606E+12,2593.7,0.32334E+11,3141.2,0.12967E+11,3597.0,0.75868E+10,3894.7,38.2
1976-12,22.3,0.21628E+12,2761.9,0.25800E+11,3344.5,0.10289E+11,3562.1,0.60059E+10,3876.9,29.7
1977-01,23.8,0.19135E+12,2846.8,0.22028E+11,3371.2,0.86621E+10,3584.5,0.50235E+10,3875.5,25.5
1977-02,33.3,0.18418E+12,2839.4,0.22441E+11,3248.5,0.88879E+10,3660.8,0.51588E+10,3943.1,25.2
1977-03,13.0,0.19487E+12,2719.5,0.23915E+11,2984.9,0.94774E+10,3717.0,0.55004E+10,4008.8,27.1
1977-04,19.0,0.24171E+12,2344.1,0.29056E+11,2769.1,0.11445E+11,3668.0,0.66255E+10,3952.9,33.4
1977-05,27.0,0.25260E+12,2022.6,0.29566E+11,2866.9,0.11513E+11,3526.3,0.66285E+10,3812.9,33.9
1977-06,54.9,0.22725E+12,1892.6,0.26152E+11,2976.0,0.10058E+11,3470.8,0.57522E+10,3744.2,29.2
1977-07,30.6,0.20841E+12,1887.9,0.23869E+11,3024.3,0.91265E+10,3497.0,0.52020E+10,3741.5,26.2
1977-08,43.0,0.21110E+12,2010.5,0.24332E+11,2928.6,0.93221E+10,3515.6,0.53178E+10,3809.1,26.6
1977-09,62.4,0.24399E+12,2218.4,0.28479E+11,2838.2,0.11026E+11,3646.5,0.63263E+10,3922.2,31.4
1977-10,62.1,0.27576E+12,2402.4,0.32760E+11,2909.0,0.12831E+11,3741.5,0.74079E+10,4031.1,36.2
1977-11,41.6,0.27602E+12,2575.4,0.33181E+11,3221.0,0.13029E+11,3680.9,0.75279E+10,4007.6,35.6
1977-12,61.4,0.25628E+12,2742.1,0.30232E+11,3395.1,0.11775E+11,3650.1,0.67771E+10,3992.0,31.9
1978-01,73.7,0.22869E+12,2788.9,0.26226E+11,3517.7,0.10056E+11,3822.4,0.57419E+10,4191.7,27.2
1978-02,132.6,0.23654E+12,2805.8,0.27753E+11,3538.4,0.10620E+11,3946.6,0.60455E+10,5300.2,27.6
1978-03,108.4,0.27210E+12,2721.3,0.31126E+11,3456.7,0.11828E+11,3970.0,0.67158E+10,4377.2,31.2
1978-04,141.2,0.33120E+12,2354.8,0.36128E+11,3318.8,0.13530E+11,3890.1,0.76373E+10,4188.5,36.6
1978-05,117.1,0.33942E+12,2043.1,0.35639E+11,3363.9,0.13104E+11,3883.2,0.73309E+10,3969.3,35.6
1978-06,134.6,0.32706E+12,1856.0,0.34030E+11,3288.5,0.12323E+11,3768.8,0.68320E+10,3727.9,32.7
1978-07,99.7,0.27273E+12,1840.1,0.28650E+11,3256.9,0.10333E+11,3727.1,0.57097E+10,3691.3,27.0
1978-08,82.4,0.29660E+12,1971.1,0.32154E+11,3163.6,0.11667E+11,3682.8,0.64560E+10,3804.5,29.5
1978-09,195.7,0.32794E+12,2223.5,0.36980E+11,3337.7,0.13640E+11,3884.7,0.76047E+10,4112.4,33.7
1978-10,177.1,0.36932E+12,2411.1,0.43256E+11,3389.5,0.16248E+11,3939.8,0.91396E+10,4323.7,39.3
1978-11,138.5,0.39032E+12,2563.6,0.46902E+11,3532.5,0.17755E+11,3967.5,0.10018E+11,4407.1,42.1
1978-12,173.9,0.32921E+12,2737.5,0.38902E+11,3623.3,0.14634E+11,4011.8,0.82335E+10,5391.4,35.7
1979-01,235.9,0.30573E+12,2918.0,0.35664E+11,3666.3,0.13210E+11,4085.6,0.73644E+10,5315.0,31.1
1979-02,194.7,0.29976E+12,2944.8,0.34221E+11,3632.6,0.12491E+11,4156.9,0.69088E+10,5318.2,28.3
1979-03,195.3,0.37834E+12,2828.9,0.40194E+11,3548.6,0.14424E+11,4175.3,0.79378E+10,5406.8,33.8
1979-04,143.7,0.48278E+12,2514.1,0.47660E+11,3408.8,0.16766E+11,4154.2,0.91642E+10,4477.0,40.9
1979-05,190.3,0.52932E+12,2116.1,0.50389E+11,3402.8,0.17378E+11,3956.6,0.94078E+10,4085.5,42.7
1979-06,211.7,0.46358E+12,1987.1,0.44738E+11,3402.1,0.15228E+11,3893.8,0.81688E+10,3930.8,36.5
1979-07,225.7,0.40148E+12,1951.3,0.40056E+11,3392.7,0.13708E+11,3869.4,0.73575E+10,3860.1,32.4
1979-08,201.4,0.37977E+12,2019.4,0.40186E+11,3359.2,0.14001E+11,3855.2,0.75626E+10,3896.5,32.1
1979-09,266.9,0.41718E+12,2322.3,0.46890E+11,3416.3,0.16747E+11,4038.3,0.91442E+10,4291.6,37.1
1979-10,263.6,0.45603E+12,2634.2,0.53879E+11,3372.5,0.19691E+11,4284.1,0.10868E+11,5623.6,42.5
1979-11,259.5,0.43740E+12,2772.2,0.53524E+11,3532.4,0.19742E+11,4177.0,0.10930E+11,5549.6,41.9
1979-12,249.6,0.40910E+12,2819.1,0.49285E+11,3637.9,0.18072E+11,4060.1,0.99796E+10,5391.6,40.1
1980-01,226.1,0.34893E+12,2937.8,0.41948E+11,3668.0,0.15194E+11,4091.8,0.83223E+10,5316.6,32.3
1980-02,219.4,0.34578E+12,2990.8,0.39501E+11,3634.0,0.14068E+11,4191.8,0.76556E+10,5334.0,29.5
1980-03,178.7,0.41983E+12,2823.2,0.43652E+11,3545.0,0.15304E+11,4174.8,0.83118E+10,5411.6,34.1
1980-04,232.2,0.54079E+12,2472.6,0.52031E+11,3423.7,0.17951E+11,4112.6,0.97124E+10,4425.4,42.4
1980-05,254.7,0.55719E+12,2283.7,0.52172E+11,3421.0,0.17763E+11,4068.6,0.95533E+10,4342.6,42.9
1980-06,222.7,0.48033E+12,2060.1,0.46146E+11,3425.8,0.15633E+11,3923.7,0.83648E+10,4044.7,37.2
1980-07,192.9,0.40263E+12,1951.5,0.40181E+11,3392.2,0.13756E+11,3868.9,0.73851E+10,3857.4,32.5
1980-08,191.7,0.37539E+12,2024.9,0.39749E+11,3358.6,0.13890E+11,3855.6,0.75158E+10,3900.2,32.1
1980-09,219.6,0.40907E+12,2397.3,0.45940E+11,3396.4,0.16467E+11,4116.6,0.90130E+10,4400.6,37.0
1980-10,233.3,0.43997E+12,2517.7,0.51848E+11,3437.3,0.19024E+11,4128.0,0.10530E+11,5525.5,41.8
1980-11,209.5,0.46930E+12,2771.2,0.57069E+11,3538.0,0.21181E+11,4167.6,0.11782E+11,5554.0,46.1
1980-12,246.9,0.40039E+12,2915.8,0.47763E+11,3651.2,0.17687E+11,4118.4,0.98400E+10,5481.7,40.8
1981-01,156.6,0.32520E+12,2933.1,0.38391E+11,3667.7,0.14071E+11,4090.4,0.77820E+10,5329.8,31.6
1981-02,189.9,0.34312E+12,2986.1,0.39123E+11,3633.6,0.14151E+11,4187.6,0.77812E+10,5340.7,31.1
1981-03,196.6,0.38554E+12,2956.5,0.40646E+11,3512.8,0.14487E+11,4329.4,0.79428E+10,5487.6,33.6
1981-04,225.3,0.49637E+12,2610.7,0.48678E+11,3385.6,0.17065E+11,4263.7,0.93118E+10,5634.9,41.5
1981-05,194.7,0.52194E+12,2189.9,0.49692E+11,3408.6,0.17167E+11,4008.6,0.93036E+10,4197.4,42.4
1981-06,131.6,0.45089E+12,1898.1,0.43807E+11,3346.8,0.15036E+11,3829.1,0.81027E+10,3787.1,36.6
1981-07,205.3,0.38150E+12,1944.1,0.38371E+11,3388.8,0.13285E+11,3864.4,0.71781E+10,3844.1,32.1
1981-08,242.5,0.36282E+12,2187.1,0.38522E+11,3429.5,0.13571E+11,3987.2,0.73801E+10,4163.7,32.0
1981-09,245.3,0.40160E+12,2561.7,0.45051E+11,3381.0,0.16238E+11,4287.4,0.89210E+10,5645.5,37.2
1981-10,216.2,0.43648E+12,2655.7,0.51288E+11,3364.3,0.18908E+11,4312.0,0.10502E+11,5585.9,42.4
1981-11,186.0,0.41224E+12,2785.6,0.49911E+11,3532.8,0.18615E+11,4189.7,0.10392E+11,5526.5,41.5
1981-12,195.4,0.36912E+12,2909.6,0.43885E+11,3648.2,0.16314E+11,4115.7,0.91023E+10,5449.9,38.2
1982-01,149.8,0.33442E+12,2919.6,0.39365E+11,3666.6,0.14462E+11,4085.7,0.80128E+10,5304.1,32.9
1982-02,230.9,0.35188E+12,3114.8,0.40133E+11,3649.3,0.14581E+11,4323.6,0.80409E+10,5403.3,32.5
1982-03,221.1,0.36824E+12,2969.1,0.39172E+11,3511.4,0.14098E+11,4344.8,0.77717E+10,5474.8,33.4
1982-04,170.3,0.46332E+12,2452.5,0.46425E+11,3433.8,0.16543E+11,4072.2,0.91051E+10,4385.7,41.4
1982-05,119.3,0.47544E+12,2029.2,0.46572E+11,3345.9,0.16439E+11,3860.5,0.90098E+10,3937.3,42.0
1982-06,163.7,0.38118E+12,1854.9,0.37977E+11,3282.9,0.13340E+11,3762.0,0.72790E+10,3717.2,33.8
1982-07,139.4,0.31389E+12,1839.5,0.32211E+11,3246.9,0.11396E+11,3715.8,0.62318E+10,3681.5,28.8
1982-08,161.9,0.33000E+12,1986.6,0.35495E+11,3296.8,0.12781E+11,3790.8,0.70416E+10,3832.7,31.8
1982-09,167.4,0.34968E+12,2290.8,0.39408E+11,3412.9,0.14564E+11,3997.0,0.81300E+10,4236.8,36.2
1982-10,134.3,0.36217E+12,2509.0,0.42388E+11,3437.6,0.16052E+11,4121.3,0.90778E+10,5538.5,40.0
1982-11,127.5,0.39085E+12,2593.0,0.46808E+11,3552.2,0.17910E+11,4012.2,0.10180E+11,4460.5,44.3
1982-12,169.0,0.32153E+12,2760.1,0.37835E+11,3631.6,0.14413E+11,4029.5,0.81795E+10,5392.6,36.6
1983-01,115.5,0.27207E+12,2802.1,0.31376E+11,3615.4,0.11809E+11,3979.5,0.66594E+10,5299.1,29.7
1983-02,73.1,0.25951E+12,2823.7,0.29958E+11,3588.3,0.11234E+11,4011.5,0.63191E+10,5301.7,27.6
1983-03,88.7,0.29711E+12,2719.4,0.33075E+11,3428.3,0.12355E+11,3948.1,0.69520E+10,4347.3,31.6
1983-04,109.6,0.36445E+12,2346.4,0.39022E+11,3083.3,0.14496E+11,3786.3,0.81510E+10,4074.2,38.8
1983-05,132.5,0.37865E+12,1996.0,0.39750E+11,3255.7,0.14652E+11,3776.8,0.82101E+10,3866.4,40.0
1983-06,131.5,0.31487E+12,1842.2,0.33360E+11,3231.9,0.12248E+11,3711.0,0.68415E+10,3694.5,33.3
1983-07,108.9,0.27006E+12,1836.3,0.29229E+11,3209.3,0.10793E+11,3677.7,0.60412E+10,3675.9,29.3
1983-08,96.0,0.26108E+12,1979.7,0.29058E+11,3268.2,0.10848E+11,3765.3,0.61017E+10,3816.7,29.3
1983-09,69.9,0.29567E+12,2205.7,0.33829E+11,3111.2,0.12837E+11,3756.4,0.72818E+10,3998.1,34.5
1983-10,72.5,0.32240E+12,2396.8,0.37928E+11,3134.2,0.14641E+11,3810.5,0.83804E+10,4138.7,39.2
1983-11,45.7,0.31201E+12,2572.3,0.37372E+11,3261.0,0.14539E+11,3706.8,0.83531E+10,4043.2,38.4
1983-12,45.6,0.30048E+12,2755.2,0.35364E+11,3386.9,0.13707E+11,3634.1,0.78662E+10,3968.8,36.7
1984-01,74.8,0.26112E+12,2832.0,0.29939E+11,3428.1,0.11478E+11,3676.9,0.65532E+10,3995.8,30.9
1984-02,110.2,0.24540E+12,2810.5,0.28887E+11,3551.2,0.11108E+11,3961.0,0.63415E+10,5302.0,29.2
1984-03,116.7,0.25313E+12,2719.6,0.29431E+11,3451.0,0.11323E+11,3969.1,0.64725E+10,4375.4,30.7
1984-04,90.4,0.30761E+12,2339.5,0.34854E+11,3280.0,0.13363E+11,3864.8,0.76358E+10,4150.6,37.6
1984-05,96.9,0.31333E+12,1993.1,0.34799E+11,3274.6,0.13235E+11,3790.3,0.75349E+10,3866.9,37.9
1984-06,65.1,0.27372E+12,1844.8,0.30270E+11,3139.1,0.11413E+11,3620.1,0.64636E+10,3692.6,32.3
1984-07,55.7,0.24307E+12,1879.4,0.27109E+11,3055.1,0.10218E+11,3527.7,0.57817E+10,3728.0,28.7
1984-08,35.0,0.24528E+12,2025.2,0.27936E+11,2936.4,0.10632E+11,3526.2,0.60450E+10,3804.4,29.9
1984-09,22.6,0.26030E+12,2236.8,0.30359E+11,2833.7,0.11777E+11,3650.1,0.67661E+10,3923.0,33.8
1984-10,12.6,0.27969E+12,2418.5,0.33380E+11,2806.3,0.13201E+11,3683.1,0.76653E+10,3947.2,38.5
1984-11,26.5,0.26800E+12,2606.6,0.32401E+11,3144.0,0.12925E+11,3595.5,0.75399E+10,3889.9,37.4
1984-12,21.4,0.26248E+12,2772.2,0.31193E+11,3345.9,0.12403E+11,3557.9,0.72284E+10,3868.1,35.5
1985-01,17.8,0.22388E+12,2854.0,0.25739E+11,3371.1,0.10111E+11,3578.6,0.58605E+10,3867.0,29.6
1985-02,20.7,0.19767E+12,2845.8,0.24024E+11,3240.0,0.95118E+10,3646.6,0.55207E+10,3925.3,27.0
1985-03,16.9,0.22655E+12,2728.2,0.27787E+11,2986.6,0.11033E+11,3715.2,0.64109E+10,4008.2,31.8
1985-04,20.4,0.25756E+12,2356.6,0.31088E+11,2772.4,0.12309E+11,3669.5,0.71478E+10,3953.3,36.4
1985-05,32.4,0.26000E+12,2034.5,0.30693E+11,2869.5,0.12042E+11,3526.8,0.69625E+10,3804.7,36.1
1985-06,28.3,0.23313E+12,1903.0,0.27156E+11,2950.8,0.10539E+11,3442.8,0.60572E+10,3731.0,31.2
1985-07,39.9,0.21130E+12,1898.5,0.24555E+11,2967.6,0.94900E+10,3435.0,0.54407E+10,3732.1,27.9
1985-08,10.1,0.20972E+12,2020.5,0.24548E+11,2913.0,0.95292E+10,3500.7,0.54759E+10,3796.5,28.0
1985-09,4.3,0.24070E+12,2228.3,0.28502E+11,2793.9,0.11214E+11,3620.4,0.64936E+10,3898.2,33.5
1985-10,22.0,0.26533E+12,2414.1,0.31908E+11,2794.8,0.12737E+11,3686.5,0.74355E+10,3949.7,38.3
1985-11,17.9,0.25922E+12,2602.9,0.31451E+11,3135.1,0.12623E+11,3597.6,0.73894E+10,3890.8,37.3
1985-12,15.8,0.26683E+12,2771.1,0.31792E+11,3342.4,0.12697E+11,3558.2,0.74189E+10,3867.9,36.8
1986-01,2.8,0.21850E+12,2854.4,0.25155E+11,3371.0,0.99211E+10,3577.6,0.57640E+10,3865.9,29.5
1986-02,27.9,0.18142E+12,2846.4,0.22192E+11,3246.7,0.88318E+10,3653.8,0.51404E+10,3934.9,25.4
1986-03,13.8,0.21494E+12,2730.8,0.26620E+11,2998.8,0.10627E+11,3723.1,0.61921E+10,4019.3,30.9
1986-04,22.4,0.25058E+12,2359.4,0.30553E+11,2773.2,0.12158E+11,3670.0,0.70776E+10,3953.9,36.3
1986-05,16.1,0.25781E+12,2036.3,0.30707E+11,2869.9,0.12101E+11,3526.9,0.70124E+10,3803.9,36.5
1986-06,0.6,0.22978E+12,1904.1,0.26973E+11,2951.0,0.10512E+11,3442.3,0.60546E+10,3728.9,31.3
1986-07,18.1,0.20802E+12,1899.5,0.24323E+11,2967.8,0.94346E+10,3434.4,0.54193E+10,3729.8,27.9
1986-08,9.9,0.20878E+12,2021.6,0.24547E+11,2913.2,0.95594E+10,3500.3,0.55028E+10,3794.8,28.3
1986-09,5.1,0.24180E+12,2230.1,0.28740E+11,2794.4,0.11346E+11,3620.6,0.65831E+10,3898.0,34.2
1986-10,40.1,0.26227E+12,2416.0,0.31620E+11,2795.3,0.12663E+11,3686.7,0.74060E+10,3950.0,38.5
1986-11,15.4,0.25854E+12,2602.7,0.31402E+11,3152.2,0.12629E+11,3614.5,0.74023E+10,3913.4,37.6
1986-12,5.8,0.24878E+12,2771.6,0.29639E+11,3342.5,0.11844E+11,3557.5,0.69226E+10,3866.7,34.4
1987-01,9.8,0.21143E+12,2854.8,0.24322E+11,3371.0,0.95805E+10,3576.7,0.55623E+10,3864.9,28.4
1987-02,3.4,0.18942E+12,2847.4,0.23041E+11,3240.0,0.91352E+10,3645.6,0.53063E+10,3924.1,26.1
1987-03,17.4,0.22045E+12,2732.3,0.26949E+11,2987.9,0.10688E+11,3715.6,0.62077E+10,4008.7,30.8
1987-04,46.0,0.27108E+12,2362.3,0.32376E+11,2774.1,0.12767E+11,3670.5,0.73997E+10,3954.5,37.6
1987-05,39.1,0.28192E+12,2038.1,0.32757E+11,2875.3,0.12767E+11,3531.0,0.73585E+10,3804.5,38.0
1987-06,18.8,0.25175E+12,1905.2,0.28792E+11,2951.2,0.11076E+11,3442.2,0.63380E+10,3727.3,32.4
1987-07,38.2,0.23103E+12,1900.4,0.26325E+11,2967.9,0.10068E+11,3434.3,0.57412E+10,3728.0,29.1
1987-08,47.9,0.23586E+12,2023.2,0.27085E+11,2956.6,0.10386E+11,3537.3,0.59295E+10,3799.8,29.8
1987-09,42.2,0.26758E+12,2234.3,0.31160E+11,2843.8,0.12093E+11,3649.1,0.69508E+10,3920.1,34.8
1987-10,63.4,0.30697E+12,2420.6,0.36417E+11,2855.3,0.14323E+11,3717.5,0.82914E+10,3994.8,41.0
1987-11,48.8,0.30011E+12,2585.0,0.36039E+11,3237.8,0.14231E+11,3689.5,0.82527E+10,4016.4,39.7
1987-12,29.1,0.27882E+12,2756.0,0.32852E+11,3392.5,0.12875E+11,3639.2,0.74397E+10,3974.5,35.6
1988-01,70.5,0.25156E+12,2820.8,0.28800E+11,3450.1,0.11098E+11,3712.1,0.63571E+10,4045.7,30.4
1988-02,45.4,0.23893E+12,2819.5,0.28010E+11,3384.0,0.10751E+11,3788.5,0.61332E+10,4121.1,28.2
1988-03,91.2,0.28842E+12,2715.7,0.32848E+11,3199.1,0.12504E+11,3830.1,0.71099E+10,4173.9,33.3
1988-04,108.8,0.37295E+12,2336.2,0.40383E+11,3191.7,0.15161E+11,3822.8,0.85759E+10,4105.5,41.5
1988-05,74.2,0.40033E+12,1991.2,0.41714E+11,3129.9,0.15381E+11,3685.9,0.86251E+10,3823.9,42.3
1988-06,124.3,0.36646E+12,1846.9,0.37774E+11,3256.8,0.13677E+11,3733.4,0.75874E+10,3690.3,36.5
1988-07,131.4,0.32430E+12,1928.9,0.33698E+11,3379.0,0.12118E+11,3851.8,0.66890E+10,3804.8,31.5
1988-08,139.4,0.34300E+12,2056.4,0.36816E+11,3387.6,0.13301E+11,3890.2,0.73450E+10,3937.1,33.4
1988-09,142.7,0.39767E+12,2312.5,0.44493E+11,3417.2,0.16327E+11,4014.9,0.90779E+10,4261.5,39.7
1988-10,156.5,0.43497E+12,2473.5,0.50704E+11,3453.7,0.18947E+11,4050.9,0.10625E+11,4443.6,44.9
1988-11,156.8,0.42690E+12,2587.4,0.51233E+11,3548.2,0.19279E+11,3988.9,0.10835E+11,4432.5,44.6
1988-12,231.2,0.43902E+12,2744.5,0.51898E+11,3625.8,0.19371E+11,4008.7,0.10842E+11,5391.3,46.0
1989-01,210.1,0.35957E+12,2932.5,0.42278E+11,3667.7,0.15533E+11,4089.0,0.86068E+10,5311.2,35.3
1989-02,208.7,0.39723E+12,2986.9,0.45113E+11,3633.6,0.16313E+11,4187.3,0.89714E+10,5347.6,35.9
1989-03,170.4,0.44011E+12,2854.6,0.45926E+11,3536.0,0.16333E+11,4206.9,0.89491E+10,5410.1,37.8
1989-04,166.3,0.55383E+12,2489.2,0.53196E+11,3425.3,0.18550E+11,4119.8,0.10105E+11,4438.6,45.1
1989-05,195.4,0.63908E+12,2152.6,0.59260E+11,3411.5,0.20279E+11,3981.9,0.10949E+11,4126.8,49.8
1989-06,284.5,0.53244E+12,2090.6,0.50581E+11,3436.6,0.17133E+11,3936.9,0.91750E+10,4083.4,41.1
1989-07,180.5,0.45329E+12,2125.9,0.44790E+11,3458.5,0.15297E+11,3939.4,0.82071E+10,4132.5,36.2
1989-08,232.0,0.42728E+12,2235.4,0.44884E+11,3441.5,0.15634E+11,4011.6,0.84480E+10,4235.9,35.9
1989-09,225.1,0.46718E+12,2506.7,0.52148E+11,3391.7,0.18648E+11,4219.1,0.10196E+11,5604.7,41.6
1989-10,212.2,0.50215E+12,2605.4,0.58908E+11,3390.6,0.21581E+11,4242.2,0.11938E+11,5586.7,47.2
1989-11,238.2,0.49680E+12,2761.3,0.60291E+11,3538.3,0.22327E+11,4159.8,0.12403E+11,5528.3,48.2
1989-12,211.4,0.46228E+12,2920.4,0.55108E+11,3652.0,0.20337E+11,4124.6,0.11289E+11,5509.5,46.4
1990-01,227.4,0.40437E+12,2977.6,0.47923E+11,3676.3,0.17500E+11,4116.7,0.96508E+10,5378.0,38.6
1990-02,171.8,0.40149E+12,2970.6,0.45580E+11,3632.4,0.16389E+11,4173.0,0.89804E+10,5336.2,35.4
1990-03,191.7,0.47329E+12,2873.4,0.49161E+11,3530.5,0.17412E+11,4229.3,0.95191E+10,5476.9,39.9
1990-04,189.7,0.57536E+12,2441.5,0.55290E+11,3434.7,0.19308E+11,4051.5,0.10527E+11,4359.9,47.1
1990-05,175.2,0.61821E+12,2043.4,0.57796E+11,3360.1,0.19927E+11,3876.2,0.10801E+11,3946.4,49.6
1990-06,153.3,0.50270E+12,1904.3,0.48275E+11,3352.3,0.16553E+11,3832.5,0.89232E+10,3777.8,40.5
1990-07,191.1,0.42296E+12,2159.6,0.42233E+11,3471.4,0.14630E+11,3954.8,0.79122E+10,4181.9,35.5
1990-08,252.1,0.39844E+12,2190.4,0.42060E+11,3433.3,0.14843E+11,3987.7,0.80853E+10,4154.7,35.2
1990-09,169.1,0.44452E+12,2341.2,0.49562E+11,3418.0,0.17907E+11,4054.2,0.98581E+10,4308.3,41.4
1990-10,199.4,0.47327E+12,2487.1,0.55274E+11,3449.9,0.20429E+11,4080.5,0.11371E+11,4470.5,46.3
1990-11,178.8,0.49675E+12,2590.6,0.59852E+11,3549.9,0.22353E+11,4000.1,0.12497E+11,4443.8,50.1
1990-12,197.1,0.41281E+12,2790.6,0.48928E+11,3638.5,0.18179E+11,4046.0,0.10142E+11,5395.3,42.6
1991-01,195.3,0.36712E+12,2939.9,0.43311E+11,3668.4,0.15863E+11,4090.9,0.87693E+10,5313.6,35.5
1991-02,240.3,0.36958E+12,3123.9,0.41945E+11,3652.0,0.15126E+11,4335.8,0.83044E+10,5443.7,33.1
1991-03,197.0,0.45364E+12,2997.3,0.47308E+11,3510.1,0.16831E+11,4379.2,0.92247E+10,5497.8,39.0
1991-04,197.6,0.56401E+12,2586.1,0.54471E+11,3397.8,0.19094E+11,4228.4,0.10430E+11,5600.2,46.9
1991-05,166.9,0.59041E+12,2140.9,0.55341E+11,3410.6,0.19120E+11,3972.4,0.10375E+11,4105.1,47.8
1991-06,224.7,0.43996E+12,2155.4,0.42234E+11,3457.6,0.14479E+11,3961.0,0.78051E+10,4182.8,35.6
1991-07,240.2,0.42135E+12,2235.1,0.41937E+11,3506.1,0.14481E+11,4002.0,0.78181E+10,4293.9,35.0
1991-08,240.8,0.40979E+12,2309.3,0.43148E+11,3460.7,0.15160E+11,4058.7,0.82360E+10,4340.3,35.6
1991-09,168.9,0.42971E+12,2364.4,0.47884E+11,3413.4,0.17252E+11,4078.7,0.94811E+10,4342.7,39.6
1991-10,197.1,0.48559E+12,2585.3,0.56691E+11,3399.0,0.20941E+11,4218.2,0.11653E+11,5582.4,47.4
1991-11,159.5,0.53346E+12,2744.6,0.64186E+11,3540.3,0.24004E+11,4142.5,0.13433E+11,4590.8,54.1
1991-12,212.6,0.40568E+12,2820.1,0.47911E+11,3640.2,0.17884E+11,4058.5,0.10011E+11,5395.6,42.6
1992-01,198.3,0.34405E+12,3037.1,0.40074E+11,3693.9,0.14828E+11,4171.9,0.82618E+10,5378.2,34.8
1992-02,230.7,0.33425E+12,3123.6,0.38061E+11,3652.0,0.14007E+11,4335.5,0.77917E+10,5418.2,32.6
1992-03,151.0,0.39532E+12,2880.7,0.42614E+11,3524.5,0.15630E+11,4244.8,0.87133E+10,5485.3,38.7
1992-04,142.2,0.45632E+12,2445.8,0.46780E+11,3434.3,0.17061E+11,4070.4,0.95124E+10,4374.8,44.8
1992-05,94.3,0.46152E+12,1996.5,0.46251E+11,3268.7,0.16710E+11,3785.1,0.92771E+10,3855.6,44.7
1992-06,98.5,0.39352E+12,1852.5,0.39949E+11,3130.8,0.14337E+11,3609.8,0.79187E+10,3683.4,37.8
1992-07,114.2,0.31146E+12,1842.9,0.32531E+11,3215.8,0.11758E+11,3682.2,0.65089E+10,3664.3,30.9
1992-08,91.9,0.31431E+12,1988.1,0.34211E+11,3160.3,0.12580E+11,3681.6,0.70191E+10,3793.0,32.9
1992-09,94.0,0.34135E+12,2226.2,0.38605E+11,3056.4,0.14529E+11,3740.7,0.82051E+10,3986.5,38.3
1992-10,133.4,0.37112E+12,2409.3,0.43373E+11,3217.9,0.16679E+11,3839.1,0.95282E+10,4182.3,44.1
1992-11,129.6,0.34871E+12,2560.7,0.41590E+11,3492.3,0.16142E+11,3902.8,0.92630E+10,4318.6,42.3
1992-12,122.0,0.32605E+12,2704.0,0.38220E+11,3557.6,0.14771E+11,3884.9,0.84635E+10,4312.7,39.3
1993-01,81.4,0.27608E+12,2793.2,0.31586E+11,3551.2,0.12056E+11,3869.0,0.68644E+10,4258.0,32.0
1993-02,127.8,0.30366E+12,2807.2,0.35352E+11,3507.0,0.13488E+11,3908.1,0.76677E+10,4286.7,34.7
1993-03,102.4,0.30606E+12,2719.6,0.34818E+11,3417.9,0.13263E+11,3940.4,0.75447E+10,4336.2,35.4
1993-04,94.4,0.36098E+12,2352.1,0.39697E+11,3216.0,0.15056E+11,3837.9,0.85618E+10,4125.1,42.0
1993-05,78.8,0.36988E+12,2007.7,0.39862E+11,3084.8,0.14997E+11,3661.9,0.84970E+10,3822.5,42.6
1993-06,69.6,0.31216E+12,1846.5,0.33755E+11,3187.5,0.12611E+11,3666.0,0.71119E+10,3678.3,35.4
1993-07,80.4,0.27470E+12,1862.8,0.30101E+11,3102.7,0.11258E+11,3568.9,0.63473E+10,3687.0,31.4
1993-08,62.5,0.26827E+12,2012.3,0.30087E+11,3026.1,0.11361E+11,3588.7,0.64333E+10,3800.9,31.6
1993-09,31.2,0.29723E+12,2242.0,0.34216E+11,2870.2,0.13167E+11,3664.2,0.75331E+10,3930.1,37.0
1993-10,71.1,0.32474E+12,2412.9,0.38356E+11,3043.5,0.15051E+11,3783.1,0.87029E+10,4092.4,42.8
1993-11,48.2,0.30627E+12,2599.3,0.36738E+11,3215.2,0.14542E+11,3673.1,0.84461E+10,3991.7,40.9
1993-12,68.4,0.27669E+12,2733.3,0.32629E+11,3437.0,0.12870E+11,3705.0,0.74666E+10,4065.3,36.2
1994-01,84.9,0.25289E+12,2793.7,0.28925E+11,3543.2,0.11269E+11,3855.8,0.65003E+10,4240.2,32.2
1994-02,54.9,0.21697E+12,2830.6,0.25937E+11,3347.2,0.10159E+11,3753.6,0.58628E+10,4071.8,28.1
1994-03,47.5,0.24671E+12,2736.3,0.29468E+11,3086.9,0.11560E+11,3778.1,0.66780E+10,4097.9,32.7
1994-04,27.4,0.30216E+12,2370.9,0.35259E+11,2805.7,0.13783E+11,3686.3,0.79565E+10,3970.1,40.3
1994-05,29.8,0.30785E+12,2045.5,0.35126E+11,2872.1,0.13604E+11,3527.4,0.78198E+10,3798.1,40.3
1994-06,39.7,0.25793E+12,1911.7,0.29216E+11,2952.6,0.11203E+11,3442.1,0.64026E+10,3719.0,32.8
1994-07,50.6,0.23255E+12,1906.0,0.26458E+11,2980.4,0.10127E+11,3446.2,0.57792E+10,3718.8,29.4
1994-08,34.3,0.23636E+12,2029.7,0.27255E+11,2915.1,0.10505E+11,3500.4,0.60157E+10,3787.5,30.5
1994-09,40.5,0.26655E+12,2240.7,0.31223E+11,2809.2,0.12219E+11,3628.8,0.70570E+10,3902.3,36.1
1994-10,67.1,0.29287E+12,2426.8,0.34936E+11,2798.4,0.13888E+11,3688.1,0.80903E+10,3951.9,41.3
1994-11,29.5,0.32336E+12,2609.6,0.38996E+11,3175.3,0.15591E+11,3634.9,0.91086E+10,3939.3,45.4
1994-12,32.2,0.27633E+12,2777.7,0.32730E+11,3347.1,0.13016E+11,3560.5,0.75877E+10,3868.4,37.4
1995-01,32.6,0.22916E+12,2859.3,0.26260E+11,3370.9,0.10306E+11,3572.7,0.59713E+10,3859.1,30.2
1995-02,45.8,0.22687E+12,2850.2,0.27424E+11,3264.1,0.10840E+11,3670.2,0.62875E+10,3957.8,30.7
1995-03,46.3,0.24288E+12,2740.1,0.29562E+11,3036.4,0.11718E+11,3745.9,0.68055E+10,4052.6,33.7
1995-04,21.6,0.27948E+12,2371.7,0.33451E+11,2776.9,0.13235E+11,3671.5,0.76862E+10,3954.9,39.4
1995-05,19.4,0.28313E+12,2047.0,0.33218E+11,2872.5,0.13038E+11,3527.6,0.75433E+10,3797.6,39.3
1995-06,22.5,0.23658E+12,1912.6,0.27457E+11,2952.9,0.10665E+11,3442.1,0.61345E+10,3717.7,31.8
1995-07,20.4,0.21252E+12,1907.3,0.24637E+11,2969.4,0.95335E+10,3434.3,0.54709E+10,3718.0,28.2
1995-08,18.2,0.22358E+12,2030.7,0.26132E+11,2915.4,0.10166E+11,3500.5,0.58500E+10,3786.5,30.2
1995-09,15.7,0.25236E+12,2242.0,0.29872E+11,2797.7,0.11796E+11,3622.1,0.68472E+10,3896.8,35.7
1995-10,30.6,0.27656E+12,2428.7,0.33264E+11,2799.0,0.13345E+11,3688.4,0.78145E+10,3952.3,40.9
1995-11,14.0,0.28916E+12,2614.2,0.35084E+11,3137.7,0.14156E+11,3596.1,0.83135E+10,3885.9,42.6
1995-12,14.9,0.24666E+12,2779.0,0.29388E+11,3343.6,0.11794E+11,3553.7,0.69116E+10,3859.1,34.7
1996-01,13.3,0.21803E+12,2859.7,0.25068E+11,3370.8,0.99235E+10,3571.8,0.57790E+10,3858.1,29.9
1996-02,7.7,0.19203E+12,2852.1,0.23523E+11,3239.9,0.93954E+10,3641.5,0.54804E+10,3919.7,27.4
1996-03,12.6,0.21728E+12,2733.3,0.26999E+11,2978.5,0.10825E+11,3716.5,0.63237E+10,4010.9,31.9
1996-04,6.8,0.26223E+12,2359.9,0.32184E+11,2780.5,0.12890E+11,3665.9,0.75311E+10,3948.8,39.1
1996-05,7.6,0.26594E+12,2041.9,0.31987E+11,2876.3,0.12708E+11,3523.7,0.73964E+10,3792.6,39.0
1996-06,16.5,0.23444E+12,1911.8,0.27759E+11,2954.8,0.10897E+11,3440.5,0.63017E+10,3714.6,33.0
1996-07,11.8,0.21514E+12,1910.2,0.25306E+11,2968.9,0.98759E+10,3435.2,0.56922E+10,3717.3,29.6
1996-08,19.7,0.22433E+12,2038.0,0.26468E+11,2912.8,0.10364E+11,3503.6,0.59848E+10,3788.1,31.2
1996-09,3.0,0.24787E+12,2250.9,0.29493E+11,2793.5,0.11701E+11,3626.5,0.68091E+10,3900.3,35.9
1996-10,0.7,0.27419E+12,2436.1,0.33061E+11,2811.3,0.13304E+11,3685.1,0.78041E+10,3949.8,41.3
1996-11,24.9,0.26919E+12,2621.6,0.32691E+11,3147.4,0.13213E+11,3593.9,0.77681E+10,3884.1,40.1
1996-12,14.0,0.24775E+12,2783.8,0.29526E+11,3347.6,0.11859E+11,3552.6,0.69531E+10,3857.4,35.0
1997-01,0.21963E+12,2861.6,0.25249E+11,3371.0,0.99980E+10,3571.9,0.58234E+10,3857.3,30.2
1997-02,0.19394E+12,2852.5,0.23740E+11,3239.8,0.94797E+10,3640.7,0.55288E+10,3919.0,27.6
1997-03,0.23395E+12,2738.3,0.28951E+11,2988.8,0.11585E+11,3713.0,0.67609E+10,4007.4,34.0
1997-04,23.0,0.27382E+12,2372.3,0.33175E+11,2777.0,0.13212E+11,3671.5,0.76979E+10,3954.1,39.7
1997-05,25.4,0.28340E+12,2049.4,0.33402E+11,2873.1,0.13150E+11,3527.3,0.76201E+10,3794.9,39.9
1997-06,20.8,0.25234E+12,1915.3,0.29229E+11,2953.5,0.11350E+11,3442.4,0.65281E+10,3714.6,33.8
1997-07,12.9,0.23259E+12,1909.8,0.26778E+11,2970.0,0.10329E+11,3433.8,0.59184E+10,3714.1,30.4
1997-08,35.7,0.23870E+12,2033.7,0.27625E+11,2916.1,0.10684E+11,3500.4,0.61294E+10,3783.8,31.3
1997-09,59.7,0.27208E+12,2247.2,0.31845E+11,2865.9,0.12469E+11,3661.4,0.72044E+10,3926.5,36.9
1997-10,32.8,0.30369E+12,2433.6,0.36131E+11,2868.1,0.14340E+11,3723.8,0.83469E+10,4003.2,42.4
1997-11,50.4,0.30026E+12,2606.4,0.36095E+11,3209.6,0.14379E+11,3668.2,0.83836E+10,3983.7,41.4
1997-12,55.5,0.27920E+12,2735.3,0.32925E+11,3440.3,0.13015E+11,3706.7,0.75611E+10,4067.3,36.9
1998-01,44.5,0.25151E+12,2853.6,0.28733E+11,3412.2,0.11172E+11,3643.2,0.64365E+10,3950.7,31.7
1998-02,50.2,0.23463E+12,2850.4,0.27759E+11,3290.7,0.10787E+11,3699.3,0.61985E+10,3997.2,29.3
1998-03,82.0,0.28436E+12,2731.9,0.33079E+11,3145.4,0.12795E+11,3800.7,0.73388E+10,4131.9,35.2
1998-04,70.6,0.35192E+12,2361.7,0.39345E+11,3042.7,0.15081E+11,3775.0,0.86241E+10,4057.7,42.9
1998-05,74.0,0.37185E+12,2011.1,0.40265E+11,3096.6,0.15220E+11,3668.4,0.86458E+10,3818.7,43.6
1998-06,90.5,0.32768E+12,1877.2,0.35167E+11,3080.0,0.13106E+11,3564.1,0.73834E+10,3694.1,36.8
1998-07,96.7,0.29654E+12,1847.1,0.32050E+11,3173.9,0.11902E+11,3638.0,0.66869E+10,3658.1,32.9
1998-08,121.1,0.29813E+12,1984.7,0.32949E+11,3176.3,0.12319E+11,3690.3,0.69392E+10,3781.7,33.5
1998-09,132.0,0.34161E+12,2255.1,0.38799E+11,3378.8,0.14748E+11,3929.2,0.83798E+10,4146.0,40.1
1998-10,78.5,0.36660E+12,2410.5,0.42843E+11,3249.1,0.16578E+11,3857.8,0.95075E+10,4206.2,44.8
1998-11,97.3,0.35631E+12,2559.1,0.42427E+11,3421.1,0.16520E+11,3832.1,0.95007E+10,4216.0,43.8
1998-12,119.2,0.34863E+12,2714.5,0.40787E+11,3594.8,0.15763E+11,3947.1,0.90324E+10,4398.6,42.0
1999-01,86.0,0.29676E+12,2810.5,0.33931E+11,3622.0,0.12897E+11,3986.1,0.73245E+10,5305.0,33.7
1999-02,98.0,0.28327E+12,2808.7,0.32649E+11,3508.1,0.12339E+11,3908.1,0.69773E+10,4287.6,31.1
1999-03,103.5,0.34791E+12,2721.0,0.38650E+11,3382.9,0.14527E+11,3917.3,0.82081E+10,4303.3,37.9
1999-04,93.6,0.42270E+12,2359.7,0.44728E+11,3124.7,0.16663E+11,3802.9,0.93947E+10,4086.6,45.4
1999-05,149.6,0.45655E+12,2005.6,0.46674E+11,3251.0,0.17115E+11,3772.7,0.95768E+10,3848.0,47.0
1999-06,207.2,0.39182E+12,1913.5,0.40030E+11,3360.5,0.14472E+11,3839.2,0.80262E+10,3776.7,38.8
1999-07,173.5,0.34650E+12,1992.1,0.36083E+11,3416.7,0.13050E+11,3890.7,0.72290E+10,3888.4,34.4
1999-08,142.3,0.33981E+12,2181.9,0.36643E+11,3435.5,0.13388E+11,3981.9,0.74447E+10,4128.0,34.6
1999-09,106.3,0.39028E+12,2267.8,0.43685E+11,3394.2,0.16245E+11,3950.6,0.91098E+10,4170.1,41.3
1999-10,168.7,0.43054E+12,2421.1,0.49970E+11,3362.5,0.18909E+11,3922.3,0.10695E+11,4293.7,47.1
1999-11,188.3,0.41473E+12,2585.1,0.49391E+11,3543.4,0.18808E+11,3981.8,0.10661E+11,4418.9,45.8
1999-12,116.8,0.37905E+12,2749.9,0.44404E+11,3628.4,0.16810E+11,4012.6,0.95035E+10,5398.9,42.1
2000-01,133.1,0.36332E+12,2800.0,0.41919E+11,3602.3,0.15648E+11,3951.1,0.87766E+10,5305.5,38.1
2000-02,165.7,0.32764E+12,2817.3,0.37246E+11,3567.3,0.13755E+11,3979.3,0.76696E+10,5308.0,32.4
2000-03,217.7,0.39935E+12,2907.0,0.42595E+11,3521.0,0.15543E+11,4271.5,0.86436E+10,5419.2,38.2
2000-04,191.5,0.51523E+12,2569.9,0.51363E+11,3403.4,0.18489E+11,4213.5,0.10245E+11,5621.0,47.7
2000-05,165.9,0.53085E+12,2092.9,0.51389E+11,3399.8,0.18252E+11,3932.9,0.10051E+11,4017.4,47.9
2000-06,188.0,0.45567E+12,1926.4,0.44850E+11,3372.9,0.15792E+11,3851.7,0.86388E+10,3795.4,40.6
2000-07,244.3,0.39541E+12,1968.3,0.40073E+11,3404.8,0.14171E+11,3877.2,0.77552E+10,3847.1,35.9
2000-08,180.5,0.39579E+12,2062.2,0.42028E+11,3391.2,0.15086E+11,3891.9,0.83041E+10,3927.1,37.4
2000-09,156.0,0.42030E+12,2291.7,0.46795E+11,3408.2,0.17200E+11,3978.3,0.95770E+10,4209.5,42.2
2000-10,141.6,0.45299E+12,2535.4,0.52534E+11,3437.6,0.19759E+11,4138.2,0.11133E+11,5572.6,48.1
2000-11,158.1,0.43449E+12,2677.5,0.51757E+11,3558.7,0.19669E+11,4081.4,0.11134E+11,5499.8,47.5
2000-12,143.3,0.38401E+12,2782.6,0.44980E+11,3639.4,0.17019E+11,4037.1,0.96192E+10,5396.1,42.5
2001-01,142.6,0.33540E+12,2846.1,0.38660E+11,3650.5,0.14451E+11,4039.5,0.81130E+10,5305.9,35.4
2001-02,121.5,0.34310E+12,2839.9,0.39130E+11,3608.3,0.14549E+11,4042.3,0.81462E+10,5308.4,34.9
2001-03,165.8,0.37375E+12,2739.9,0.40487E+11,3501.2,0.14958E+11,4013.8,0.83740E+10,4429.7,37.7
2001-04,161.7,0.40244E+12,2621.5,0.41015E+11,3396.1,0.14972E+11,4262.0,0.83556E+10,5682.3,39.7
2001-05,142.1,0.50096E+12,2125.0,0.49411E+11,3409.5,0.17766E+11,3957.7,0.98446E+10,4065.5,47.5
2001-06,202.9,0.43580E+12,1869.4,0.43415E+11,3301.8,0.15436E+11,3776.3,0.84870E+10,3699.6,40.3
2001-07,123.0,0.38194E+12,1859.6,0.39020E+11,3294.4,0.13905E+11,3758.6,0.76420E+10,3670.7,35.8
2001-08,161.5,0.37727E+12,1993.8,0.40203E+11,3290.8,0.14505E+11,3783.0,0.80084E+10,3805.0,36.5
2001-09,238.2,0.41496E+12,2362.6,0.46225E+11,3418.3,0.17035E+11,4072.0,0.95008E+10,4330.5,42.2
2001-10,194.1,0.45255E+12,2655.2,0.52468E+11,3380.1,0.19756E+11,4293.2,0.11139E+11,5654.2,48.3
2001-11,176.6,0.44956E+12,2802.8,0.53547E+11,3540.0,0.20340E+11,4201.9,0.11510E+11,5573.4,49.0
2001-12,213.4,0.39046E+12,2918.3,0.45745E+11,3653.0,0.17286E+11,4122.7,0.97612E+10,5451.3,43.0
2002-01,184.6,0.34943E+12,3022.4,0.40342E+11,3689.8,0.15050E+11,4160.1,0.84374E+10,5390.3,36.6
2002-02,170.2,0.33090E+12,3059.0,0.37623E+11,3642.8,0.13909E+11,4266.0,0.77611E+10,5384.3,32.9
2002-03,147.1,0.41286E+12,2866.4,0.44238E+11,3532.8,0.16213E+11,4218.1,0.90376E+10,5471.6,40.2
2002-04,186.9,0.49885E+12,2542.3,0.50365E+11,3410.2,0.18293E+11,4177.3,0.10184E+11,5596.0,48.0
2002-05,187.5,0.50797E+12,2098.5,0.49953E+11,3399.9,0.17938E+11,3933.8,0.99344E+10,4019.8,47.9
2002-06,128.8,0.43361E+12,1944.6,0.43296E+11,3384.3,0.15425E+11,3865.0,0.84905E+10,3819.6,40.5
2002-07,161.0,0.37168E+12,1887.7,0.38231E+11,3342.1,0.13704E+11,3807.9,0.75554E+10,3713.6,35.6
2002-08,175.6,0.35288E+12,2144.6,0.37902E+11,3430.6,0.13808E+11,3959.8,0.76664E+10,4062.0,35.5
2002-09,187.9,0.38546E+12,2343.5,0.43171E+11,3421.9,0.16106E+11,4050.4,0.90506E+10,4298.7,41.4
2002-10,151.2,0.41586E+12,2447.1,0.48306E+11,3430.3,0.18442E+11,3992.9,0.10491E+11,4376.9,47.5
2002-11,147.2,0.41843E+12,2593.8,0.49743E+11,3549.5,0.19204E+11,3993.6,0.10984E+11,4432.4,49.3
2002-12,135.3,0.36187E+12,2723.4,0.42299E+11,3605.8,0.16282E+11,3964.9,0.93070E+10,4422.6,42.9
2003-01,133.5,0.30266E+12,2796.2,0.34610E+11,3557.8,0.13158E+11,3875.3,0.74732E+10,4269.1,34.4
2003-02,75.7,0.30566E+12,2809.7,0.35321E+11,3509.5,0.13400E+11,3908.6,0.75939E+10,4289.1,34.1
2003-03,100.7,0.33904E+12,2725.3,0.38057E+11,3421.6,0.14416E+11,3943.1,0.81794E+10,4338.5,38.2
2003-04,97.9,0.38545E+12,2373.6,0.41708E+11,3326.7,0.15748E+11,3900.7,0.89404E+10,4185.9,43.9
2003-05,86.8,0.39159E+12,2010.8,0.41469E+11,3267.3,0.15523E+11,3785.4,0.87779E+10,3849.9,44.1
2003-06,118.7,0.34618E+12,1855.8,0.36808E+11,3168.4,0.13660E+11,3645.1,0.76798E+10,3663.6,38.1
2003-07,128.3,0.29950E+12,1846.9,0.32392E+11,3229.0,0.12045E+11,3691.7,0.67724E+10,3645.1,33.4
2003-08,115.4,0.28898E+12,1993.0,0.32105E+11,3143.4,0.12068E+11,3664.9,0.68188E+10,3773.1,33.3
2003-09,78.5,0.32738E+12,2227.9,0.37373E+11,3092.9,0.14309E+11,3751.7,0.81650E+10,3984.2,39.7
2003-10,97.8,0.35492E+12,2419.1,0.41634E+11,3314.6,0.16243E+11,3892.4,0.93620E+10,4252.3,45.2
2003-11,82.9,0.44032E+12,2624.1,0.52555E+11,3561.7,0.20664E+11,4036.6,0.11955E+11,4483.4,56.6
2003-12,72.2,0.31106E+12,2710.0,0.36493E+11,3571.1,0.14282E+11,3903.9,0.82482E+10,4338.1,39.4
2004-01,60.6,0.28268E+12,2805.1,0.32270E+11,3507.3,0.12473E+11,3795.3,0.71602E+10,4159.3,34.6
2004-02,74.6,0.24637E+12,2830.0,0.29061E+11,3366.3,0.11269E+11,3766.7,0.64676E+10,4093.2,30.4
2004-03,74.8,0.29429E+12,2727.1,0.34379E+11,3183.5,0.13348E+11,3821.2,0.76720E+10,4162.4,37.1
2004-04,59.2,0.34330E+12,2354.8,0.39013E+11,3062.3,0.15104E+11,3777.7,0.86816E+10,4053.5,43.8
2004-05,72.8,0.35595E+12,2036.9,0.39564E+11,2996.3,0.15180E+11,3608.7,0.86890E+10,3808.0,44.6
2004-06,66.5,0.30105E+12,1913.6,0.33358E+11,3025.5,0.12674E+11,3510.4,0.72114E+10,3699.1,36.7
2004-07,83.8,0.26746E+12,1911.3,0.29872E+11,3038.7,0.11336E+11,3505.5,0.64415E+10,3697.4,32.5
2004-08,69.7,0.26424E+12,2032.3,0.30019E+11,3022.4,0.11478E+11,3589.0,0.65458E+10,3791.9,32.9
2004-09,48.8,0.29728E+12,2256.4,0.34466E+11,2939.5,0.13403E+11,3700.8,0.77160E+10,3956.1,38.9
2004-10,74.2,0.32231E+12,2444.4,0.38209E+11,2959.4,0.15126E+11,3754.3,0.87924E+10,4048.7,44.3
2004-11,70.1,0.31926E+12,2574.7,0.38354E+11,3393.2,0.15283E+11,3800.2,0.89129E+10,4169.2,44.0
2004-12,28.9,0.29598E+12,2740.3,0.34923E+11,3452.7,0.13837E+11,3717.3,0.80503E+10,4080.6,39.5
2005-01,48.1,0.25119E+12,2840.3,0.28729E+11,3437.5,0.11227E+11,3680.5,0.64884E+10,4001.1,32.4
2005-02,43.5,0.24722E+12,2854.7,0.29577E+11,3289.9,0.11613E+11,3694.2,0.67119E+10,3991.6,32.4
2005-03,39.6,0.25987E+12,2747.5,0.31048E+11,3012.1,0.12209E+11,3725.2,0.70634E+10,4026.4,34.8
2005-04,38.7,0.31677E+12,2387.3,0.37005E+11,2815.4,0.14520E+11,3690.6,0.84017E+10,3972.4,42.9
2005-05,61.9,0.32916E+12,2034.3,0.37712E+11,3030.5,0.14684E+11,3630.9,0.84666E+10,3809.2,44.1
2005-06,56.8,0.27927E+12,1906.6,0.31747E+11,3041.2,0.12229E+11,3528.2,0.70070E+10,3699.1,36.1
2005-07,62.4,0.25107E+12,1876.8,0.28557E+11,3098.0,0.10955E+11,3560.5,0.62604E+10,3669.1,32.0
2005-08,60.5,0.24999E+12,2017.2,0.28778E+11,3055.4,0.11107E+11,3605.1,0.63660E+10,3778.9,32.4
2005-09,37.2,0.27254E+12,2260.4,0.31905E+11,2845.7,0.12515E+11,3648.7,0.72392E+10,3912.7,37.3
2005-10,13.2,0.30760E+12,2447.8,0.36699E+11,2805.9,0.14636E+11,3691.1,0.85430E+10,3955.9,44.0
2005-11,27.5,0.32169E+12,2631.5,0.38806E+11,3142.0,0.15565E+11,3594.0,0.91112E+10,3879.1,45.9
2005-12,59.3,0.28405E+12,2782.6,0.33659E+11,3387.7,0.13430E+11,3619.0,0.78445E+10,3941.3,39.0
2006-01,20.9,0.23816E+12,2864.2,0.27310E+11,3393.2,0.10756E+11,3603.6,0.62457E+10,3898.1,31.9
2006-02,5.7,0.21079E+12,2859.2,0.25579E+11,3239.8,0.10157E+11,3634.6,0.59067E+10,3912.2,29.1
2006-03,17.3,0.23786E+12,2749.7,0.29155E+11,2992.0,0.11625E+11,3711.0,0.67730E+10,4006.8,34.0
2006-04,50.3,0.28922E+12,2391.0,0.34866E+11,2817.0,0.13885E+11,3691.4,0.80928E+10,3973.2,41.9
2006-05,37.2,0.29411E+12,2064.0,0.34654E+11,2927.4,0.13673E+11,3566.8,0.79346E+10,3796.8,41.8
2006-06,24.5,0.25714E+12,1928.0,0.29923E+11,2956.5,0.11667E+11,3441.7,0.67258E+10,3696.1,35.1
2006-07,22.2,0.23326E+12,1921.3,0.27101E+11,2977.0,0.10522E+11,3437.9,0.60500E+10,3694.6,31.4
2006-08,20.8,0.23852E+12,2047.2,0.27890E+11,2919.5,0.10875E+11,3500.4,0.62674E+10,3770.0,32.5
2006-09,23.7,0.26678E+12,2262.4,0.31540E+11,2803.9,0.12471E+11,3624.2,0.72452E+10,3893.4,37.9
2006-10,14.9,0.29554E+12,2450.9,0.35510E+11,2806.0,0.14263E+11,3691.2,0.83583E+10,3956.0,43.9
2006-11,35.7,0.28290E+12,2631.2,0.34316E+11,3163.0,0.13864E+11,3614.8,0.81492E+10,3906.9,41.9
2006-12,22.3,0.27895E+12,2790.1,0.33224E+11,3362.8,0.13349E+11,3575.2,0.78281E+10,3882.6,39.4
2007-01,29.3,0.22832E+12,2865.0,0.26254E+11,3392.8,0.10401E+11,3601.5,0.60597E+10,3895.5,31.4
2007-02,18.4,0.22081E+12,2858.8,0.27018E+11,3260.8,0.10794E+11,3658.3,0.62977E+10,3944.0,31.4
2007-03,7.2,0.23927E+12,2752.3,0.29671E+11,2992.8,0.11903E+11,3711.1,0.69569E+10,4007.0,35.2
2007-04,5.4,0.27766E+12,2393.6,0.33969E+11,2784.0,0.13621E+11,3674.2,0.79657E+10,3955.8,41.6
2007-05,19.5,0.28360E+12,2067.7,0.34005E+11,2880.3,0.13528E+11,3530.3,0.78818E+10,3783.8,41.8
2007-06,21.3,0.24454E+12,1929.9,0.28947E+11,2956.9,0.11385E+11,3441.7,0.65920E+10,3693.3,34.7
2007-07,15.1,0.22333E+12,1923.2,0.26313E+11,2973.0,0.10296E+11,3433.4,0.59439E+10,3692.1,31.1
2007-08,9.8,0.22474E+12,2049.1,0.26583E+11,2920.0,0.10443E+11,3500.4,0.60425E+10,3767.9,31.7
2007-09,4.0,0.25629E+12,2265.2,0.30578E+11,2804.8,0.12179E+11,3624.5,0.71037E+10,3893.1,37.9
2007-10,1.5,0.28346E+12,2454.0,0.34269E+11,2807.0,0.13851E+11,3691.4,0.81445E+10,3956.4,43.5
2007-11,2.8,0.27599E+12,2635.7,0.33606E+11,3143.1,0.13645E+11,3593.3,0.80429E+10,3877.0,42.0
2007-12,17.3,0.25230E+12,2795.4,0.30152E+11,3346.3,0.12171E+11,3545.9,0.71556E+10,3843.1,36.4
2008-01,4.1,0.22334E+12,2870.4,0.25741E+11,3370.8,0.10246E+11,3561.7,0.59857E+10,3843.2,31.4
2008-02,2.9,0.19623E+12,2861.4,0.24213E+11,3239.9,0.97339E+10,3632.9,0.56982E+10,3910.2,28.8
2008-03,15.5,0.23397E+12,2748.1,0.29393E+11,2982.5,0.11876E+11,3713.5,0.69658E+10,4010.1,35.5
2008-04,3.6,0.26870E+12,2382.7,0.33357E+11,2787.9,0.13471E+11,3668.8,0.79051E+10,3949.3,41.6
2008-05,4.6,0.27253E+12,2063.2,0.33098E+11,2882.1,0.13250E+11,3524.6,0.77437E+10,3777.2,41.3
2008-06,5.2,0.23924E+12,1929.6,0.28590E+11,2959.0,0.11302E+11,3440.1,0.65601E+10,3689.2,34.7
2008-07,0.6,0.21964E+12,1926.7,0.26065E+11,2972.7,0.10242E+11,3434.2,0.59250E+10,3690.4,31.1
2008-08,0.3,0.22218E+12,2057.2,0.26407E+11,2917.8,0.10408E+11,3503.7,0.60326E+10,3769.4,31.8
2008-09,1.2,0.25393E+12,2275.2,0.30400E+11,2801.1,0.12143E+11,3629.5,0.70937E+10,3897.4,38.1
2008-10,4.2,0.28007E+12,2462.3,0.33958E+11,2819.7,0.13766E+11,3688.1,0.81077E+10,3953.8,43.7
2008-11,6.6,0.27286E+12,2643.8,0.33301E+11,3152.9,0.13560E+11,3590.4,0.80054E+10,3874.1,42.1
2008-12,1.0,0.25007E+12,2800.7,0.29942E+11,3350.3,0.12115E+11,3544.4,0.71328E+10,3840.7,36.4
2009-01,1.3,0.22237E+12,2872.6,0.25654E+11,3370.9,0.10230E+11,3561.8,0.59832E+10,3842.1,31.6
2009-02,1.2,0.19557E+12,2862.2,0.24185E+11,3239.8,0.97398E+10,3631.9,0.57070E+10,3909.2,29.0
2009-03,0.6,0.22106E+12,2753.6,0.27844E+11,2993.0,0.11266E+11,3709.8,0.66134E+10,4006.2,33.8
2009-04,1.2,0.26857E+12,2396.0,0.33428E+11,2784.9,0.13521E+11,3674.4,0.79406E+10,3955.2,41.9
2009-05,2.9,0.27221E+12,2071.6,0.33146E+11,2879.2,0.13289E+11,3528.8,0.77729E+10,3779.8,41.5
2009-06,6.3,0.23933E+12,1933.7,0.28650E+11,2957.9,0.11338E+11,3441.6,0.65850E+10,3688.0,34.8
2009-07,5.5,0.22113E+12,1926.8,0.26234E+11,2974.0,0.10309E+11,3432.8,0.59643E+10,3686.1,31.4
2009-08,0.0,0.22532E+12,2053.3,0.26728E+11,2921.2,0.10524E+11,3500.4,0.60968E+10,3763.9,32.1
2009-09,7.1,0.25930E+12,2269.8,0.30951E+11,2806.3,0.12339E+11,3625.1,0.72007E+10,3892.3,38.5
2009-10,7.7,0.28767E+12,2459.0,0.34765E+11,2808.8,0.14054E+11,3692.0,0.82657E+10,3957.2,44.2
2009-11,6.9,0.28110E+12,2641.0,0.34208E+11,3144.4,0.13886E+11,3592.8,0.81836E+10,3875.3,42.7
2009-12,16.3,0.25820E+12,2800.1,0.30819E+11,3346.9,0.12426E+11,3544.7,0.73017E+10,3840.0,37.1
2010-01,19.5,0.23029E+12,2873.4,0.26508E+11,3370.8,0.10529E+11,3559.9,0.61437E+10,3839.9,32.1
2010-02,28.5,0.20546E+12,2863.3,0.25184E+11,3239.9,0.10081E+11,3631.0,0.58881E+10,3908.1,29.5
2010-03,24.0,0.23540E+12,2756.2,0.29168E+11,2995.6,0.11707E+11,3710.9,0.68447E+10,4008.0,34.7
2010-04,10.4,0.29027E+12,2399.8,0.35273E+11,2786.2,0.14121E+11,3674.9,0.82524E+10,3955.7,43.1
2010-05,13.9,0.29769E+12,2074.4,0.35238E+11,2880.0,0.13956E+11,3528.8,0.81157E+10,3778.1,43.0
2010-06,18.8,0.26590E+12,1935.6,0.30972E+11,2958.4,0.12098E+11,3441.6,0.69815E+10,3685.0,36.6
2010-07,25.2,0.23999E+12,1928.6,0.27834E+11,2974.4,0.10810E+11,3432.7,0.62172E+10,3682.8,32.3
2010-08,29.6,0.24362E+12,2055.4,0.28418E+11,2921.8,0.11078E+11,3500.4,0.63847E+10,3761.6,33.1
2010-09,36.4,0.27968E+12,2272.9,0.32964E+11,2807.3,0.13024E+11,3625.3,0.75640E+10,3891.8,39.6
2010-10,33.6,0.31172E+12,2462.3,0.37285E+11,2836.8,0.14935E+11,3706.5,0.87404E+10,3977.7,45.6
2010-11,34.4,0.30736E+12,2642.7,0.37080E+11,3150.8,0.14899E+11,3598.6,0.87305E+10,3882.4,44.2
2010-12,24.5,0.28453E+12,2796.8,0.33657E+11,3365.8,0.13417E+11,3575.0,0.78333E+10,3879.7,38.9
2011-01,27.3,0.25491E+12,2868.9,0.29182E+11,3395.3,0.11451E+11,3602.0,0.66350E+10,3895.2,33.5
2011-02,48.3,0.23373E+12,2861.7,0.28007E+11,3274.3,0.11026E+11,3670.4,0.63824E+10,3960.9,31.0
2011-03,78.6,0.27328E+12,2738.1,0.32552E+11,3210.3,0.12802E+11,3826.6,0.74089E+10,4171.8,36.5
2011-04,76.1,0.34574E+12,2380.2,0.39755E+11,3072.8,0.15525E+11,3788.0,0.89652E+10,4064.7,45.8
2011-05,58.2,0.37348E+12,2039.8,0.41406E+11,3056.7,0.15917E+11,3644.7,0.91234E+10,3798.6,47.2
2011-06,56.1,0.32909E+12,1890.4,0.35878E+11,3091.6,0.13545E+11,3569.4,0.76850E+10,3661.2,39.0
2011-07,64.5,0.30244E+12,1925.2,0.33020E+11,3035.0,0.12387E+11,3496.3,0.69987E+10,3676.2,34.9
2011-08,65.8,0.30318E+12,2006.3,0.33727E+11,3129.0,0.12726E+11,3652.6,0.72072E+10,3757.2,35.5
2011-09,120.1,0.34265E+12,2239.6,0.39080E+11,3116.0,0.15000E+11,3762.9,0.85731E+10,3984.6,42.0
2011-10,125.7,0.37323E+12,2432.5,0.43721E+11,3334.8,0.17089E+11,3907.5,0.98622E+10,4266.9,47.9
2011-11,139.1,0.36066E+12,2577.5,0.42981E+11,3497.7,0.16905E+11,3909.6,0.97830E+10,4317.6,46.5
2011-12,109.3,0.33353E+12,2723.3,0.39041E+11,3592.5,0.15247E+11,3933.6,0.87946E+10,4377.8,41.9
2012-01,94.4,0.29530E+12,2801.2,0.33710E+11,3565.8,0.12963E+11,3882.5,0.74176E+10,4281.7,35.3
2012-02,47.8,0.27824E+12,2816.5,0.32414E+11,3458.7,0.12438E+11,3850.9,0.70970E+10,4210.4,32.7
2012-03,86.6,0.32797E+12,2733.2,0.37232E+11,3211.9,0.14247E+11,3832.2,0.81293E+10,4179.4,38.6
2012-04,85.9,0.40552E+12,2367.1,0.44275E+11,3083.7,0.16866E+11,3786.8,0.96221E+10,4057.5,48.0
2012-05,96.5,0.40914E+12,2019.5,0.43679E+11,3123.7,0.16490E+11,3680.7,0.93690E+10,3792.6,47.7
2012-06,92.0,0.34918E+12,1857.7,0.37426E+11,3220.1,0.13999E+11,3689.3,0.79056E+10,3635.4,39.7
2012-07,100.1,0.29528E+12,1856.1,0.32102E+11,3239.6,0.12012E+11,3698.2,0.67778E+10,3623.1,33.8
2012-08,94.8,0.30395E+12,2006.9,0.33814E+11,3284.1,0.12763E+11,3776.3,0.72295E+10,3785.2,35.6
2012-09,93.7,0.34211E+12,2245.9,0.39042E+11,3260.0,0.15000E+11,3837.9,0.85782E+10,4046.3,42.1
2012-10,76.5,0.37915E+12,2436.6,0.44433E+11,3243.7,0.17386E+11,3856.0,0.10040E+11,4197.1,48.9
2012-11,87.6,0.35987E+12,2605.1,0.42895E+11,3326.8,0.16888E+11,3741.7,0.97797E+10,4083.9,46.6
2012-12,56.8,0.32841E+12,2749.3,0.38458E+11,3463.0,0.15045E+11,3724.6,0.86881E+10,4087.4,41.6
2013-01,96.1,0.28999E+12,2815.0,0.33096E+11,3504.6,0.12770E+11,3784.5,0.73228E+10,4144.8,35.2
2013-02,60.9,0.26935E+12,2828.3,0.31555E+11,3395.7,0.12181E+11,3788.8,0.69744E+10,4127.4,32.5
2013-03,78.3,0.31344E+12,2733.9,0.36041E+11,3253.0,0.13901E+11,3845.5,0.79650E+10,4200.4,38.3
2013-04,107.3,0.38962E+12,2375.0,0.43182E+11,3168.2,0.16581E+11,3822.8,0.94976E+10,4097.6,47.8
2013-05,120.2,0.40143E+12,2025.5,0.43203E+11,3295.6,0.16384E+11,3808.1,0.93304E+10,3846.0,47.7
2013-06,76.7,0.35572E+12,1874.3,0.38034E+11,3142.2,0.14213E+11,3614.5,0.80233E+10,3640.3,40.3
2013-07,86.2,0.31986E+12,1874.6,0.34480E+11,3130.8,0.12838E+11,3587.5,0.72254E+10,3631.9,35.8
2013-08,91.8,0.31989E+12,2008.6,0.35249E+11,3134.0,0.13209E+11,3655.4,0.74529E+10,3752.0,36.3
2013-09,54.5,0.28085E+12,2252.4,0.32125E+11,3041.8,0.12157E+11,3733.7,0.68843E+10,3963.3,32.4
2013-10,114.4,0.25445E+12,2439.2,0.30124E+11,3143.5,0.11544E+11,3821.3,0.65736E+10,4144.5,30.1
2013-11,113.9,0.24384E+12,2581.2,0.29394E+11,3497.4,0.11344E+11,3908.5,0.64810E+10,4314.7,29.1
2013-12,124.2,0.21171E+12,2723.6,0.25068E+11,3578.4,0.96251E+10,3908.2,0.54877E+10,4341.1,25.0
2014-01,117.0,0.18344E+12,2818.8,0.21227E+11,3627.4,0.80510E+10,3988.2,0.45615E+10,5312.5,20.9
2014-02,146.1,0.17669E+12,2856.0,0.20672E+11,3621.2,0.78226E+10,4066.8,0.44220E+10,5315.1,19.7
2014-03,128.7,0.21977E+12,2762.3,0.24925E+11,3532.8,0.93657E+10,4058.6,0.52825E+10,5421.8,24.2
2014-04,112.5,0.28621E+12,2399.6,0.31077E+11,3386.1,0.11538E+11,3952.9,0.64792E+10,4232.4,30.6
2014-05,112.5,0.31478E+12,2020.4,0.33256E+11,3246.2,0.12203E+11,3768.1,0.68145E+10,3819.4,32.8
2014-06,102.9,0.27262E+12,1868.6,0.28821E+11,3170.7,0.10493E+11,3641.7,0.58306E+10,3633.5,28.0
2014-07,100.2,0.23980E+12,1862.5,0.25752E+11,3285.9,0.94012E+10,3743.2,0.52265E+10,3628.2,25.0
2014-08,106.9,0.22566E+12,2021.3,0.25011E+11,3343.7,0.92428E+10,3830.1,0.51663E+10,3815.3,24.4
2014-09,130.0,0.24490E+12,2239.7,0.28114E+11,3249.9,0.10599E+11,3829.3,0.59858E+10,4029.1,28.0
2014-10,90.0,0.25870E+12,2450.6,0.30634E+11,3410.2,0.11779E+11,3969.1,0.67216E+10,4341.9,31.1
2014-11,103.6,0.23587E+12,2581.0,0.28446E+11,3477.5,0.11030E+11,3885.0,0.63206E+10,4281.6,28.8
2014-12,112.9,0.20152E+12,2747.6,0.23876E+11,3624.3,0.92211E+10,3991.1,0.52770E+10,4454.3,24.4
2015-01,93.0,0.17190E+12,2806.2,0.19859E+11,3599.0,0.75856E+10,3936.6,0.43183E+10,4356.5,20.2
2015-02,66.7,0.15880E+12,2815.2,0.18764E+11,3540.8,0.71821E+10,3941.0,0.40871E+10,4336.0,18.7
2015-03,54.5,0.18867E+12,2730.9,0.21967E+11,3384.2,0.83927E+10,3917.1,0.47757E+10,4300.5,22.4
2015-04,75.3,0.22650E+12,2379.5,0.25692E+11,3227.3,0.97542E+10,3849.0,0.55384E+10,4121.4,26.8
2015-05,88.8,0.22993E+12,2033.9,0.25553E+11,3115.6,0.96149E+10,3678.7,0.54362E+10,3792.8,26.7
2015-06,66.5,0.19952E+12,1881.2,0.22116E+11,3130.7,0.82663E+10,3602.6,0.46546E+10,3636.7,22.9
2015-07,65.8,0.16934E+12,1874.1,0.18963E+11,3139.3,0.70994E+10,3594.8,0.39986E+10,3622.8,19.7
2015-08,64.4,0.15648E+12,2028.1,0.17893E+11,3076.8,0.67559E+10,3616.5,0.38202E+10,3753.0,18.7
2015-09,78.6,0.16165E+12,2280.1,0.18936E+11,2920.4,0.72531E+10,3690.4,0.41321E+10,3936.9,20.1
2015-10,63.6,0.17146E+12,2445.4,0.20569E+11,3132.8,0.79969E+10,3818.3,0.45920E+10,4138.9,22.0
2015-11,62.2,0.14976E+12,2596.0,0.18213E+11,3363.6,0.71303E+10,3776.5,0.41086E+10,4128.8,19.4
2015-12,58.0,0.12141E+12,2769.6,0.14497E+11,3429.8,0.56569E+10,3672.2,0.32570E+10,4010.8,15.5
2016-01,57.0,0.10313E+12,2840.7,0.11948E+11,3452.6,0.46159E+10,3696.4,0.26463E+10,4024.8,12.9
2016-02,56.4,0.85202E+11,2843.2,0.10269E+11,3350.9,0.39951E+10,3744.3,0.22943E+10,4064.3,11.0
2016-03,54.1,0.10161E+12,2753.2,0.12257E+11,3107.3,0.47647E+10,3785.8,0.27347E+10,4112.4,13.2
2016-04,37.9,0.12642E+12,2404.8,0.15000E+11,2847.7,0.57937E+10,3698.8,0.33154E+10,3975.7,16.3
2016-05,51.5,0.13426E+12,2079.5,0.15634E+11,2957.9,0.59914E+10,3580.4,0.34159E+10,3778.5,17.0
2016-06,20.5,0.12457E+12,1943.1,0.14378E+11,2995.3,0.54767E+10,3472.7,0.31124E+10,3664.0,15.6
2016-07,32.4,0.10770E+12,1942.3,0.12458E+11,2976.8,0.47449E+10,3433.4,0.26957E+10,3663.4,13.6
2016-08,50.2,0.94595E+11,2075.2,0.11080E+11,2923.1,0.42477E+10,3504.2,0.24212E+10,3750.9,12.2
2016-09,44.6,0.97987E+11,2297.1,0.11686E+11,2885.4,0.45367E+10,3676.3,0.26038E+10,3928.2,13.1
2016-10,33.4,0.10715E+12,2486.9,0.13016E+11,2852.9,0.51201E+10,3704.2,0.29595E+10,3975.8,14.8
2016-11,21.4,0.91721E+11,2665.0,0.11240E+11,3158.7,0.44485E+10,3587.7,0.25799E+10,3864.9,12.7
2016-12,18.5,0.69720E+11,2815.7,0.83761E+10,3354.7,0.33052E+10,3539.6,0.19157E+10,3828.1,9.5
2017-01,26.1,0.57970E+11,2882.3,0.67291E+10,3370.9,0.26281E+10,3551.1,0.15168E+10,3826.0,7.7
2017-02,26.4,0.57603E+11,2871.0,0.70493E+10,3240.3,0.27820E+10,3623.4,0.16106E+10,3899.4,8.0
2017-03,17.7,0.63172E+11,2768.2,0.78193E+10,2997.9,0.30872E+10,3706.8,0.17863E+10,4005.2,8.9
2017-04,32.3,0.79874E+11,2418.4,0.97754E+10,2862.4,0.38339E+10,3713.3,0.22107E+10,3991.5,11.1
2017-05,18.9,0.90084E+11,2092.6,0.10815E+11,2885.8,0.42066E+10,3530.1,0.24160E+10,3764.5,12.3
2017-06,19.2,0.91178E+11,1950.8,0.10794E+11,2962.7,0.41678E+10,3441.7,0.23848E+10,3662.4,12.2
2017-07,17.8,0.82577E+11,1942.5,0.97371E+10,2978.2,0.37505E+10,3432.5,0.21434E+10,3658.9,11.0
2017-08,32.6,0.73755E+11,2071.4,0.87547E+10,2926.7,0.33874E+10,3500.7,0.19406E+10,3744.4,10.0
2017-09,43.7,0.77959E+11,2291.8,0.93781E+10,2871.8,0.36679E+10,3661.3,0.21138E+10,3913.3,10.9
2017-10,13.2,0.86570E+11,2483.6,0.10575E+11,2850.0,0.41850E+10,3712.0,0.24274E+10,3984.9,12.4
2017-11,5.7,0.74972E+11,2662.3,0.92206E+10,3150.4,0.36700E+10,3590.0,0.21354E+10,3866.0,10.8
2017-12,8.2,0.56387E+11,2815.8,0.67959E+10,3349.7,0.26969E+10,3537.0,0.15684E+10,3823.4,7.9
2018-01,6.8,0.47008E+11,2883.1,0.54649E+10,3370.9,0.21463E+10,3549.7,0.12430E+10,3824.1,6.5
2018-02,10.7,0.43575E+11,2872.0,0.53801E+10,3240.4,0.21396E+10,3622.3,0.12440E+10,3898.2,6.3
2018-03,2.5,0.52536E+11,2770.7,0.66061E+10,2998.8,0.26329E+10,3706.7,0.15311E+10,4005.3,7.8
2018-04,8.9,0.64844E+11,2422.5,0.81067E+10,2795.0,0.32157E+10,3677.8,0.18651E+10,3956.7,9.6
2018-05,13.1,0.72851E+11,2095.4,0.89425E+10,2886.7,0.35192E+10,3530.1,0.20332E+10,3762.6,10.5
2018-06,15.6,0.75428E+11,1952.9,0.91035E+10,2963.3,0.35529E+10,3441.7,0.20442E+10,3659.1,10.6
2018-07,1.6,0.68484E+11,1944.4,0.82000E+10,2978.6,0.31877E+10,3432.4,0.18305E+10,3655.4,9.5
2018-08,8.7,0.60337E+11,2073.5,0.72397E+10,2927.3,0.28227E+10,3500.7,0.16238E+10,3741.9,8.5
2018-09,3.3,0.62626E+11,2296.1,0.75869E+10,2815.8,0.29855E+10,3628.2,0.17265E+10,3887.9,9.1
2018-10,4.9,0.68814E+11,2487.9,0.84430E+10,2819.5,0.33563E+10,3695.8,0.19517E+10,3962.5,10.2
2018-11,4.9,0.59395E+11,2664.5,0.73228E+10,3151.2,0.29256E+10,3589.6,0.17061E+10,3864.7,8.8
2018-12,3.1,0.43291E+11,2817.1,0.52277E+10,3350.0,0.20831E+10,3535.7,0.12144E+10,3821.0,6.3
2019-01,7.7,0.35952E+11,2883.8,0.41829E+10,3370.9,0.16499E+10,3548.6,0.95800E+09,3822.5,5.1
2019-02,0.8,0.34159E+11,2873.0,0.42387E+10,3240.5,0.16947E+10,3621.2,0.98831E+09,3897.0,5.2
2019-03,9.4,0.43642E+11,2773.2,0.55241E+10,2999.8,0.22121E+10,3706.6,0.12896E+10,4005.4,6.7
2019-04,9.1,0.52866E+11,2426.3,0.66458E+10,2796.5,0.26451E+10,3678.5,0.15368E+10,3957.3,8.0
2019-05,9.9,0.62247E+11,2098.2,0.76779E+10,2887.7,0.30297E+10,3530.6,0.17529E+10,3761.2,9.2
2019-06,1.2,0.68227E+11,1954.9,0.82720E+10,2963.9,0.32367E+10,3441.6,0.18648E+10,3655.7,9.7
2019-07,0.9,0.63946E+11,1946.2,0.76860E+10,2979.1,0.29949E+10,3431.9,0.17219E+10,3651.4,9.0
2019-08,0.5,0.56855E+11,2075.6,0.68412E+10,2928.0,0.26728E+10,3500.6,0.15393E+10,3739.4,8.1
2019-09,1.1,0.59464E+11,2299.1,0.72190E+10,2817.0,0.28458E+10,3628.5,0.16472E+10,3887.6,8.7
2019-10,0.4,0.67896E+11,2491.3,0.83442E+10,2820.8,0.33228E+10,3696.4,0.19342E+10,3963.2,10.1
2019-11,0.5,0.59040E+11,2666.8,0.72892E+10,3151.9,0.29175E+10,3589.2,0.17032E+10,3863.4,8.8
2019-12,1.5,0.43403E+11,2818.3,0.52486E+10,3350.4,0.20951E+10,3534.5,0.12226E+10,3818.6,6.3
2020-01,6.2,0.36353E+11,2884.6,0.42334E+10,3370.9,0.16721E+10,3547.5,0.97164E+09,3820.9,5.2
2020-02,0.2,0.34301E+11,2874.0,0.42655E+10,3240.6,0.17077E+10,3620.3,0.99661E+09,3895.9,5.2
2020-03,1.5,0.43317E+11,2769.5,0.54959E+10,2989.9,0.22030E+10,3709.3,0.12850E+10,4009.0,6.7
2020-04,5.2,0.56241E+11,2415.5,0.70813E+10,2800.6,0.28203E+10,3672.9,0.16392E+10,3949.8,8.5
2020-05,0.2,0.66654E+11,2093.7,0.82158E+10,2891.7,0.32407E+10,3526.6,0.18747E+10,3754.1,9.8
2020-06,5.8,0.73119E+11,1954.6,0.88315E+10,2966.0,0.34484E+10,3439.9,0.19847E+10,3650.7,10.3
2020-07,6.1,0.69502E+11,1949.8,0.83112E+10,2979.0,0.32287E+10,3433.1,0.18534E+10,3649.8,9.7
2020-08,7.5,0.63757E+11,2084.0,0.76373E+10,2926.0,0.29741E+10,3504.0,0.17098E+10,3741.1,8.9
2020-09,0.6,0.69612E+11,2309.5,0.84199E+10,2813.7,0.33083E+10,3633.6,0.19115E+10,3892.5,10.0
2020-10,14.6,0.78247E+11,2499.5,0.95871E+10,2833.5,0.38047E+10,3692.7,0.22103E+10,3959.7,11.4
2020-11,34.5,0.69547E+11,2674.7,0.85648E+10,3161.7,0.34141E+10,3586.0,0.19883E+10,3859.8,10.1
2020-12,23.1,0.53442E+11,2802.1,0.64441E+10,3406.1,0.25589E+10,3623.0,0.14887E+10,3936.8,7.5
2021-01,10.4,0.46354E+11,2884.9,0.53902E+10,3376.9,0.21161E+10,3557.1,0.12252E+10,3833.0,6.4
2021-02,8.2,0.45348E+11,2874.7,0.55830E+10,3240.6,0.22149E+10,3619.2,0.12861E+10,3894.7,6.4
2021-03,17.2,0.58039E+11,2774.7,0.72296E+10,3000.3,0.28653E+10,3705.2,0.16613E+10,4004.5,8.2
2021-04,24.5,0.77738E+11,2429.1,0.95387E+10,2798.0,0.37468E+10,3678.7,0.21623E+10,3956.5,10.7
2021-05,21.2,0.91304E+11,2102.5,0.10944E+11,2889.2,0.42544E+10,3530.8,0.24429E+10,3757.1,12.2
2021-06,25.0,0.95542E+11,1958.9,0.11257E+11,2965.1,0.43359E+10,3441.9,0.24780E+10,3649.8,12.9
2021-07,34.3,0.89534E+11,1946.1,0.10474E+11,3013.6,0.40156E+10,3467.0,0.22893E+10,3643.9,11.5
2021-08,22.0,0.84775E+11,2079.8,0.99653E+10,2929.5,0.38290E+10,3500.8,0.21852E+10,3734.8,11.1
2021-09,51.3,0.96873E+11,2303.0,0.11543E+11,2842.1,0.44755E+10,3642.9,0.25667E+10,3896.6,12.9
2021-10,37.4,0.11508E+12,2493.2,0.13943E+11,2892.7,0.54638E+10,3733.7,0.31512E+10,4014.5,15.5
2021-11,34.8,0.11526E+12,2660.7,0.14082E+11,3215.1,0.55401E+10,3654.1,0.32013E+10,3950.3,15.4
2021-12,67.5,0.95793E+11,2810.7,0.11462E+11,3390.1,0.44827E+10,3600.6,0.25843E+10,3905.7,12.4
2022-01,55.3,0.87028E+11,2856.7,0.10095E+11,3437.7,0.38984E+10,3663.4,0.22341E+10,3976.6,10.9
2022-02,60.9,0.88058E+11,2821.5,0.10569E+11,3448.2,0.40937E+10,3835.0,0.23450E+10,4191.6,11.1
2022-03,78.6,0.11449E+12,2748.7,0.13613E+11,3212.8,0.52461E+10,3824.1,0.29972E+10,4169.9,14.3
2022-04,84.0,0.15780E+12,2388.2,0.18218E+11,3290.5,0.69413E+10,3883.5,0.39452E+10,4148.1,19.1
2022-05,96.5,0.18502E+12,2035.9,0.20731E+11,3166.8,0.77968E+10,3711.1,0.44042E+10,3784.0,21.6
2022-06,70.3,0.18146E+12,1882.9,0.20058E+11,3156.7,0.74642E+10,3623.9,0.41919E+10,3610.8,20.5
2022-07,91.4,0.17132E+12,1888.8,0.18972E+11,3128.6,0.70429E+10,3580.1,0.39486E+10,3604.8,19.2
2022-08,74.6,0.17111E+12,2030.1,0.19293E+11,3106.6,0.72013E+10,3634.1,0.40460E+10,3732.1,19.4
2022-09,96.0,0.19888E+12,2252.5,0.23020E+11,3184.4,0.87118E+10,3796.5,0.49289E+10,3994.8,23.2
2022-10,95.5,0.22777E+12,2450.0,0.27081E+11,3361.8,0.10412E+11,3929.6,0.59392E+10,4286.3,27.5
2022-11,80.5,0.21754E+12,2594.2,0.26297E+11,3444.8,0.10177E+11,3847.8,0.58227E+10,4222.9,26.4
2022-12,112.8,0.20517E+12,2735.9,0.24340E+11,3535.7,0.93600E+10,3830.5,0.53410E+10,4226.5,24.4
2023-01,143.6,0.17773E+12,2817.9,0.20619E+11,3625.8,0.78227E+10,3979.3,0.44323E+10,5316.0,20.3
2023-02,110.9,0.17690E+12,2828.7,0.20705E+11,3593.1,0.78299E+10,4010.6,0.44239E+10,5318.6,19.7
2023-03,122.6,0.23859E+12,2767.3,0.27007E+11,3537.8,0.10144E+11,4067.0,0.57207E+10,5425.3,26.1
2023-04,96.4,0.31005E+12,2394.4,0.33536E+11,3332.6,0.12463E+11,3910.2,0.70045E+10,4175.2,33.2
2023-05,137.9,0.33433E+12,2051.6,0.35065E+11,3345.4,0.12867E+11,3852.4,0.71902E+10,3863.9,34.8
2023-06,163.4,0.30650E+12,1922.4,0.32097E+11,3369.3,0.11662E+11,3836.7,0.64759E+10,3710.1,31.1
